[{"model": "core.region", "pk": 1358, "fields": {"tag": "LFPG"}}, {"model": "core.region", "pk": 1359, "fields": {"tag": "DIRNC"}}, {"model": "core.region", "pk": 1360, "fields": {"tag": "DIRPF"}}, {"model": "core.region", "pk": 1361, "fields": {"tag": "DIRSO"}}, {"model": "core.region", "pk": 1362, "fields": {"tag": "DIRRE"}}, {"model": "core.region", "pk": 1363, "fields": {"tag": "DIRNE"}}, {"model": "core.region", "pk": 1364, "fields": {"tag": "DIRN"}}, {"model": "core.region", "pk": 1365, "fields": {"tag": "DIRCE"}}, {"model": "core.region", "pk": 1366, "fields": {"tag": "DIRSE"}}, {"model": "core.region", "pk": 1367, "fields": {"tag": "DIRO"}}, {"model": "core.region", "pk": 1368, "fields": {"tag": "DIRIC"}}, {"model": "core.region", "pk": 1369, "fields": {"tag": "DIRAG"}}, {"model": "core.log", "pk": 5, "fields": {"heure": "2021-09-19T15:56:57.186", "type": "error", "machine": "machine_portable", "code": "000", "message": "Initiate"}}, {"model": "core.log", "pk": 6, "fields": {"heure": "2021-09-19T16:15:03.002", "type": "error", "machine": "machine_portable", "code": "000", "message": "Initiate"}}, {"model": "core.log", "pk": 7, "fields": {"heure": "2021-09-19T16:15:50.643", "type": "error", "machine": "machine_portable", "code": "000", "message": "Initiate"}}, {"model": "core.log", "pk": 8, "fields": {"heure": "2021-09-19T16:37:02.966", "type": "error", "machine": "machine_portable", "code": "000", "message": "Initiate"}}, {"model": "core.log", "pk": 9, "fields": {"heure": "2021-09-25T16:00:58.863", "type": "error", "machine": "machine_portable", "code": "000", "message": "Initiate"}}, {"model": "core.log", "pk": 10, "fields": {"heure": "2021-09-25T16:02:24.760", "type": "error", "machine": "machine_portable", "code": "000", "message": "Initiate"}}, {"model": "core.log", "pk": 11, "fields": {"heure": "2021-09-25T16:04:40.028", "type": "error", "machine": "machine_portable", "code": "000", "message": "Initiate"}}, {"model": "core.station", "pk": 1207, "fields": {"oaci": "FMCZ", "nom": "MAYOTTE - DZAOUDZI PAMANDZI", "entete": "WLRE98 FMCZ", "region": 1362, "active": true, "inseepp": "9850801", "outremer": true, "date_pivot": "2021-10-31T01:00:00", "ouverture": "00:00:00", "ouverture1": "00:00:00", "ouverture2": "00:00:00", "fermeture": "23:59:00", "fermeture1": "23:59:00", "fermeture2": "23:59:00", "retention": 3, "reconduction": 1, "repousse": 3, "fuseau": "Europe/Paris", "wind_unit": "kt", "temp_unit": "c"}}, {"model": "core.station", "pk": 1208, "fields": {"oaci": "FMEE", "nom": "LA REUNION-ROLAND GARROS", "entete": "WLRE98 FMEE", "region": 1362, "active": true, "inseepp": "9741801", "outremer": true, "date_pivot": "2021-10-31T01:00:00", "ouverture": "00:00:00", "ouverture1": "00:00:00", "ouverture2": "00:00:00", "fermeture": "23:59:00", "fermeture1": "23:59:00", "fermeture2": "23:59:00", "retention": 1, "reconduction": 3, "repousse": 3, "fuseau": "Indian/Reunion", "wind_unit": "kt", "temp_unit": "c"}}, {"model": "core.station", "pk": 1209, "fields": {"oaci": "LFAQ", "nom": "ALBERT BRAY", "entete": "WLFR80 LFAQ", "region": 1364, "active": true, "inseepp": "8052361", "outremer": false, "date_pivot": "2021-10-31T01:00:00", "ouverture": "06:00:00", "ouverture1": "06:00:00", "ouverture2": "07:00:00", "fermeture": "17:15:00", "fermeture1": "17:15:00", "fermeture2": "18:15:00", "retention": 1, "reconduction": 3, "repousse": 3, "fuseau": "Europe/Paris", "wind_unit": "kt", "temp_unit": "c"}}, {"model": "core.station", "pk": 1210, "fields": {"oaci": "LFBA", "nom": "AGEN LA GARENNE", "entete": "WLFR47 LFBA", "region": 1361, "active": true, "inseepp": "4709161", "outremer": false, "date_pivot": "2021-10-31T01:00:00", "ouverture": "04:00:00", "ouverture1": "04:00:00", "ouverture2": "06:00:00", "fermeture": "20:00:00", "fermeture1": "20:00:00", "fermeture2": "21:00:00", "retention": 1, "reconduction": 3, "repousse": 3, "fuseau": "Europe/Paris", "wind_unit": "kt", "temp_unit": "c"}}, {"model": "core.station", "pk": 1211, "fields": {"oaci": "LFBD", "nom": "BORDEAUX MERIGNAC", "entete": "WLFR33 LFBD", "region": 1361, "active": true, "inseepp": "3328161", "outremer": false, "date_pivot": "2021-10-31T01:00:00", "ouverture": "00:00:00", "ouverture1": "00:00:00", "ouverture2": "00:00:00", "fermeture": "23:59:00", "fermeture1": "23:59:00", "fermeture2": "23:59:00", "retention": 1, "reconduction": 3, "repousse": 3, "fuseau": "Europe/Paris", "wind_unit": "kt", "temp_unit": "c"}}, {"model": "core.station", "pk": 1212, "fields": {"oaci": "LFBE", "nom": "BERGERAC DORDOGNE PERIGORD", "entete": "WLFR24 LFBE", "region": 1361, "active": true, "inseepp": "2403761", "outremer": false, "date_pivot": "2021-10-31T01:00:00", "ouverture": "00:01:00", "ouverture1": "00:01:00", "ouverture2": "06:00:00", "fermeture": "20:00:00", "fermeture1": "20:00:00", "fermeture2": "21:00:00", "retention": 1, "reconduction": 3, "repousse": 3, "fuseau": "Europe/Paris", "wind_unit": "kt", "temp_unit": "c"}}, {"model": "core.station", "pk": 1213, "fields": {"oaci": "LFBH", "nom": "LA ROCHELLE ILE DE RE", "entete": "WLFR17 LFBH", "region": 1361, "active": true, "inseepp": "1730061", "outremer": false, "date_pivot": "2021-10-31T01:00:00", "ouverture": "00:00:00", "ouverture1": "00:00:00", "ouverture2": "00:00:00", "fermeture": "23:59:00", "fermeture1": "23:59:00", "fermeture2": "23:59:00", "retention": 1, "reconduction": 3, "repousse": 3, "fuseau": "Europe/Paris", "wind_unit": "kt", "temp_unit": "c"}}, {"model": "core.station", "pk": 1214, "fields": {"oaci": "LFBI", "nom": "POITIERS BIARD", "entete": "WLFR86 LFBI", "region": 1361, "active": true, "inseepp": "8602761", "outremer": false, "date_pivot": "2021-10-31T01:00:00", "ouverture": "00:00:00", "ouverture1": "00:00:00", "ouverture2": "00:00:00", "fermeture": "23:59:00", "fermeture1": "23:59:00", "fermeture2": "23:59:00", "retention": 1, "reconduction": 3, "repousse": 3, "fuseau": "Europe/Paris", "wind_unit": "kt", "temp_unit": "c"}}, {"model": "core.station", "pk": 1215, "fields": {"oaci": "LFBL", "nom": "LIMOGES BELLEGARDE", "entete": "WLFR87 LFBL", "region": 1361, "active": true, "inseepp": "8708561", "outremer": false, "date_pivot": "2021-10-31T01:00:00", "ouverture": "00:00:00", "ouverture1": "00:00:00", "ouverture2": "00:00:00", "fermeture": "23:59:00", "fermeture1": "23:59:00", "fermeture2": "23:59:00", "retention": 1, "reconduction": 3, "repousse": 3, "fuseau": "Europe/Paris", "wind_unit": "kt", "temp_unit": "c"}}, {"model": "core.station", "pk": 1216, "fields": {"oaci": "LFBO", "nom": "TOULOUSE BLAGNAC", "entete": "WLFR31 LFBO", "region": 1361, "active": true, "inseepp": "3106961", "outremer": false, "date_pivot": "2021-10-31T01:00:00", "ouverture": "00:00:00", "ouverture1": "00:00:00", "ouverture2": "00:00:00", "fermeture": "23:59:00", "fermeture1": "23:59:00", "fermeture2": "23:59:00", "retention": 1, "reconduction": 3, "repousse": 3, "fuseau": "Europe/Paris", "wind_unit": "kt", "temp_unit": "c"}}, {"model": "core.station", "pk": 1217, "fields": {"oaci": "LFBP", "nom": "PAU PYRENEES", "entete": "WLFR64 LFBP", "region": 1361, "active": true, "inseepp": "6454961", "outremer": false, "date_pivot": "2021-10-31T01:00:00", "ouverture": "00:00:00", "ouverture1": "00:00:00", "ouverture2": "00:00:00", "fermeture": "23:59:00", "fermeture1": "23:59:00", "fermeture2": "23:59:00", "retention": 1, "reconduction": 3, "repousse": 3, "fuseau": "Europe/Paris", "wind_unit": "kt", "temp_unit": "c"}}, {"model": "core.station", "pk": 1218, "fields": {"oaci": "LFBT", "nom": "TARBES LOURDES PYRENEES", "entete": "WLFR65 LFBT", "region": 1361, "active": true, "inseepp": "6534461", "outremer": false, "date_pivot": "2021-10-31T01:00:00", "ouverture": "00:00:00", "ouverture1": "00:00:00", "ouverture2": "00:00:00", "fermeture": "23:59:00", "fermeture1": "23:59:00", "fermeture2": "23:59:00", "retention": 1, "reconduction": 3, "repousse": 3, "fuseau": "Europe/Paris", "wind_unit": "kt", "temp_unit": "c"}}, {"model": "core.station", "pk": 1219, "fields": {"oaci": "LFBZ", "nom": "BIARRITZ PAYS BASQUE", "entete": "WLFR64 LFBZ", "region": 1361, "active": true, "inseepp": "6402461", "outremer": false, "date_pivot": "2021-10-31T01:00:00", "ouverture": "00:00:00", "ouverture1": "00:00:00", "ouverture2": "00:00:00", "fermeture": "23:59:00", "fermeture1": "23:59:00", "fermeture2": "23:59:00", "retention": 1, "reconduction": 3, "repousse": 3, "fuseau": "Europe/Paris", "wind_unit": "kt", "temp_unit": "c"}}, {"model": "core.station", "pk": 1220, "fields": {"oaci": "LFCR", "nom": "RODEZ AVEYRON", "entete": "WLFR12 LFCR", "region": 1361, "active": true, "inseepp": "1225461", "outremer": false, "date_pivot": "2021-10-31T01:00:00", "ouverture": "00:00:00", "ouverture1": "00:00:00", "ouverture2": "00:00:00", "fermeture": "23:59:00", "fermeture1": "23:59:00", "fermeture2": "23:59:00", "retention": 1, "reconduction": 3, "repousse": 3, "fuseau": "Europe/Paris", "wind_unit": "kt", "temp_unit": "c"}}, {"model": "core.station", "pk": 1221, "fields": {"oaci": "LFGJ", "nom": "DOLE TAVAUX", "entete": "WLFR39 LFGJ", "region": 1363, "active": true, "inseepp": "3952661", "outremer": false, "date_pivot": "2021-10-31T01:00:00", "ouverture": "07:00:00", "ouverture1": "07:00:00", "ouverture2": "08:00:00", "fermeture": "17:00:00", "fermeture1": "17:00:00", "fermeture2": "18:00:00", "retention": 1, "reconduction": 3, "repousse": 3, "fuseau": "Europe/Paris", "wind_unit": "kt", "temp_unit": "c"}}, {"model": "core.station", "pk": 1222, "fields": {"oaci": "LFJL", "nom": "METZ NANCY LORRAINE", "entete": "WLFR57 LFJL", "region": 1363, "active": true, "inseepp": "5725161", "outremer": false, "date_pivot": "2021-10-31T01:00:00", "ouverture": "00:00:00", "ouverture1": "00:00:00", "ouverture2": "00:00:00", "fermeture": "23:59:00", "fermeture1": "23:59:00", "fermeture2": "23:59:00", "retention": 1, "reconduction": 3, "repousse": 3, "fuseau": "Europe/Paris", "wind_unit": "kmh", "temp_unit": "c"}}, {"model": "core.station", "pk": 1223, "fields": {"oaci": "LFKB", "nom": "BASTIA PORETTA", "entete": "WLFR20 LFKB", "region": 1366, "active": true, "inseepp": "2014861", "outremer": false, "date_pivot": "2021-10-31T01:00:00", "ouverture": "00:00:00", "ouverture1": "00:00:00", "ouverture2": "00:00:00", "fermeture": "23:59:00", "fermeture1": "23:59:00", "fermeture2": "23:59:00", "retention": 1, "reconduction": 3, "repousse": 3, "fuseau": "Europe/Paris", "wind_unit": "kmh", "temp_unit": "c"}}, {"model": "core.station", "pk": 1224, "fields": {"oaci": "LFKC", "nom": "CALVI SAINTE CATHERINE", "entete": "WLFR20 LFKC", "region": 1366, "active": true, "inseepp": "2005061", "outremer": false, "date_pivot": "2021-10-31T01:00:00", "ouverture": "03:00:00", "ouverture1": "03:00:00", "ouverture2": "03:00:00", "fermeture": "20:30:00", "fermeture1": "20:30:00", "fermeture2": "19:00:00", "retention": 1, "reconduction": 3, "repousse": 3, "fuseau": "Europe/Paris", "wind_unit": "kt", "temp_unit": "c"}}, {"model": "core.station", "pk": 1225, "fields": {"oaci": "LFKF", "nom": "FIGARI", "entete": "WLFR20 LFKF", "region": 1366, "active": true, "inseepp": "2011461", "outremer": false, "date_pivot": "2021-10-31T01:00:00", "ouverture": "03:00:00", "ouverture1": "03:00:00", "ouverture2": "03:00:00", "fermeture": "21:30:00", "fermeture1": "21:30:00", "fermeture2": "21:30:00", "retention": 1, "reconduction": 3, "repousse": 3, "fuseau": "Europe/Paris", "wind_unit": "kt", "temp_unit": "c"}}, {"model": "core.station", "pk": 1226, "fields": {"oaci": "LFKJ", "nom": "AJACCIO", "entete": "WLFR20 LFKJ", "region": 1366, "active": true, "inseepp": "2000461", "outremer": false, "date_pivot": "2021-10-31T01:00:00", "ouverture": "00:00:00", "ouverture1": "00:00:00", "ouverture2": "00:00:00", "fermeture": "23:59:00", "fermeture1": "23:59:00", "fermeture2": "23:59:00", "retention": 1, "reconduction": 3, "repousse": 3, "fuseau": "Europe/Paris", "wind_unit": "kmh", "temp_unit": "c"}}, {"model": "core.station", "pk": 1227, "fields": {"oaci": "LFLB", "nom": "CHAMBERY", "entete": "WLFR73 LFLB", "region": 1365, "active": true, "inseepp": "7332961", "outremer": false, "date_pivot": "2021-10-31T01:00:00", "ouverture": "00:01:00", "ouverture1": "00:01:00", "ouverture2": "06:00:00", "fermeture": "19:00:00", "fermeture1": "19:00:00", "fermeture2": "22:00:00", "retention": 1, "reconduction": 3, "repousse": 3, "fuseau": "Europe/Paris", "wind_unit": "kmh", "temp_unit": "c"}}, {"model": "core.station", "pk": 1228, "fields": {"oaci": "LFLC", "nom": "CLERMONT-FERRAND", "entete": "WLFR63 LFLC", "region": 1365, "active": true, "inseepp": "6311361", "outremer": false, "date_pivot": "2021-10-31T01:00:00", "ouverture": "00:00:00", "ouverture1": "00:00:00", "ouverture2": "00:00:00", "fermeture": "23:59:00", "fermeture1": "23:59:00", "fermeture2": "23:59:00", "retention": 1, "reconduction": 3, "repousse": 3, "fuseau": "Europe/Paris", "wind_unit": "kmh", "temp_unit": "c"}}, {"model": "core.station", "pk": 1229, "fields": {"oaci": "LFLL", "nom": "LYON SAINT EXUPERY", "entete": "WLFR69 LFLL", "region": 1365, "active": true, "inseepp": "6929961", "outremer": false, "date_pivot": "2021-10-31T01:00:00", "ouverture": "00:00:00", "ouverture1": "00:00:00", "ouverture2": "00:00:00", "fermeture": "23:59:00", "fermeture1": "23:59:00", "fermeture2": "23:59:00", "retention": 1, "reconduction": 3, "repousse": 3, "fuseau": "Europe/Paris", "wind_unit": "kmh", "temp_unit": "c"}}, {"model": "core.station", "pk": 1230, "fields": {"oaci": "LFLP", "nom": "ANNECY MEYTHET", "entete": "WLFR74 LFLP", "region": 1365, "active": true, "inseepp": "7418261", "outremer": false, "date_pivot": "2021-10-31T01:00:00", "ouverture": "03:00:00", "ouverture1": "03:00:00", "ouverture2": "03:00:00", "fermeture": "19:00:00", "fermeture1": "19:00:00", "fermeture2": "19:00:00", "retention": 1, "reconduction": 3, "repousse": 3, "fuseau": "Europe/Paris", "wind_unit": "kmh", "temp_unit": "c"}}, {"model": "core.station", "pk": 1231, "fields": {"oaci": "LFLS", "nom": "GRENOBLE ISERE", "entete": "WLFR38 LFLS", "region": 1365, "active": true, "inseepp": "3838461", "outremer": false, "date_pivot": "2021-10-31T01:00:00", "ouverture": "03:00:00", "ouverture1": "03:00:00", "ouverture2": "03:00:00", "fermeture": "19:00:00", "fermeture1": "19:00:00", "fermeture2": "20:00:00", "retention": 1, "reconduction": 3, "repousse": 3, "fuseau": "Europe/Paris", "wind_unit": "kmh", "temp_unit": "c"}}, {"model": "core.station", "pk": 1232, "fields": {"oaci": "LFLW", "nom": "AURILLAC", "entete": "WLFR15 LFLW", "region": 1361, "active": true, "inseepp": "1501461", "outremer": false, "date_pivot": "2021-10-31T01:00:00", "ouverture": "05:00:00", "ouverture1": "05:00:00", "ouverture2": "05:00:00", "fermeture": "17:00:00", "fermeture1": "17:00:00", "fermeture2": "17:00:00", "retention": 1, "reconduction": 3, "repousse": 3, "fuseau": "Europe/Paris", "wind_unit": "kmh", "temp_unit": "c"}}, {"model": "core.station", "pk": 1233, "fields": {"oaci": "LFLX", "nom": "CHATEAUROUX DEOLS", "entete": "WLFR36 LFLX", "region": 1368, "active": true, "inseepp": "3606361", "outremer": false, "date_pivot": "2021-10-31T01:00:00", "ouverture": "00:00:00", "ouverture1": "00:00:00", "ouverture2": "00:00:00", "fermeture": "23:59:00", "fermeture1": "23:59:00", "fermeture2": "23:59:00", "retention": 1, "reconduction": 3, "repousse": 3, "fuseau": "Europe/Paris", "wind_unit": "kt", "temp_unit": "c"}}, {"model": "core.station", "pk": 1234, "fields": {"oaci": "LFLY", "nom": "LYON BRON", "entete": "WLFR69 LFLY", "region": 1365, "active": true, "inseepp": "6902961", "outremer": false, "date_pivot": "2021-10-31T01:00:00", "ouverture": "00:00:00", "ouverture1": "00:00:00", "ouverture2": "00:00:00", "fermeture": "23:59:00", "fermeture1": "23:59:00", "fermeture2": "23:59:00", "retention": 1, "reconduction": 3, "repousse": 3, "fuseau": "Europe/Paris", "wind_unit": "kmh", "temp_unit": "c"}}, {"model": "core.station", "pk": 1235, "fields": {"oaci": "LFMD", "nom": "CANNES MANDELIEU", "entete": "WLFR06 LFMD", "region": 1366, "active": true, "inseepp": "0602961", "outremer": false, "date_pivot": "2021-10-31T01:00:00", "ouverture": "03:00:00", "ouverture1": "03:00:00", "ouverture2": "03:00:00", "fermeture": "21:00:00", "fermeture1": "21:00:00", "fermeture2": "19:00:00", "retention": 1, "reconduction": 3, "repousse": 3, "fuseau": "Europe/Paris", "wind_unit": "kt", "temp_unit": "c"}}, {"model": "core.station", "pk": 1236, "fields": {"oaci": "LFMI", "nom": "ISTRES LE TUBE", "entete": "WLFR13 LFMI", "region": 1366, "active": true, "inseepp": "1304761", "outremer": false, "date_pivot": "2021-10-31T01:00:00", "ouverture": "00:00:00", "ouverture1": "00:00:00", "ouverture2": "00:00:00", "fermeture": "23:59:00", "fermeture1": "23:59:00", "fermeture2": "23:59:00", "retention": 1, "reconduction": 3, "repousse": 3, "fuseau": "Europe/Paris", "wind_unit": "kt", "temp_unit": "c"}}, {"model": "core.station", "pk": 1237, "fields": {"oaci": "LFMK", "nom": "CARCASSONNE SALVAZA", "entete": "WLFR11 LFMK", "region": 1366, "active": true, "inseepp": "1106961", "outremer": false, "date_pivot": "2021-10-31T01:00:00", "ouverture": "03:00:00", "ouverture1": "03:00:00", "ouverture2": "03:00:00", "fermeture": "18:00:00", "fermeture1": "18:00:00", "fermeture2": "18:00:00", "retention": 1, "reconduction": 3, "repousse": 3, "fuseau": "Europe/Paris", "wind_unit": "kt", "temp_unit": "c"}}, {"model": "core.station", "pk": 1238, "fields": {"oaci": "LFML", "nom": "MARSEILLE PROVENCE", "entete": "WLFR13 LFML", "region": 1366, "active": true, "inseepp": "1305461", "outremer": false, "date_pivot": "2021-10-31T01:00:00", "ouverture": "00:00:00", "ouverture1": "00:00:00", "ouverture2": "00:00:00", "fermeture": "23:59:00", "fermeture1": "23:59:00", "fermeture2": "23:59:00", "retention": 1, "reconduction": 3, "repousse": 3, "fuseau": "Europe/Paris", "wind_unit": "kt", "temp_unit": "c"}}, {"model": "core.station", "pk": 1239, "fields": {"oaci": "LFMN", "nom": "NICE COTE D'AZUR", "entete": "WLFR06 LFMN", "region": 1366, "active": true, "inseepp": "0608861", "outremer": false, "date_pivot": "2021-10-31T01:00:00", "ouverture": "00:00:00", "ouverture1": "00:00:00", "ouverture2": "00:00:00", "fermeture": "23:59:00", "fermeture1": "23:59:00", "fermeture2": "23:59:00", "retention": 1, "reconduction": 3, "repousse": 3, "fuseau": "Europe/Paris", "wind_unit": "kt", "temp_unit": "c"}}, {"model": "core.station", "pk": 1240, "fields": {"oaci": "LFMP", "nom": "PERPIGNAN RIVESALTES", "entete": "WLFR66 LFMP", "region": 1366, "active": true, "inseepp": "6613661", "outremer": false, "date_pivot": "2021-10-31T01:00:00", "ouverture": "03:00:00", "ouverture1": "03:00:00", "ouverture2": "03:00:00", "fermeture": "21:30:00", "fermeture1": "21:30:00", "fermeture2": "21:30:00", "retention": 1, "reconduction": 3, "repousse": 3, "fuseau": "Europe/Paris", "wind_unit": "kt", "temp_unit": "c"}}, {"model": "core.station", "pk": 1241, "fields": {"oaci": "LFMT", "nom": "MONTPELLIER MEDITERRANEE", "entete": "WLFR34 LFMT", "region": 1366, "active": true, "inseepp": "3415461", "outremer": false, "date_pivot": "2021-10-31T01:00:00", "ouverture": "00:00:00", "ouverture1": "00:00:00", "ouverture2": "00:00:00", "fermeture": "23:59:00", "fermeture1": "23:59:00", "fermeture2": "23:59:00", "retention": 1, "reconduction": 3, "repousse": 3, "fuseau": "Europe/Paris", "wind_unit": "kt", "temp_unit": "c"}}, {"model": "core.station", "pk": 1242, "fields": {"oaci": "LFMU", "nom": "BEZIERS VIAS", "entete": "WLFR34 LFMU", "region": 1366, "active": true, "inseepp": "3420961", "outremer": false, "date_pivot": "2021-10-31T01:00:00", "ouverture": "03:00:00", "ouverture1": "03:00:00", "ouverture2": "03:00:00", "fermeture": "20:30:00", "fermeture1": "20:30:00", "fermeture2": "19:30:00", "retention": 1, "reconduction": 3, "repousse": 3, "fuseau": "Europe/Paris", "wind_unit": "kt", "temp_unit": "c"}}, {"model": "core.station", "pk": 1243, "fields": {"oaci": "LFMV", "nom": "AVIGNON CAUMONT", "entete": "WLFR84 LFMV", "region": 1366, "active": true, "inseepp": "8400761", "outremer": false, "date_pivot": "2021-10-31T01:00:00", "ouverture": "03:00:00", "ouverture1": "03:00:00", "ouverture2": "03:00:00", "fermeture": "20:00:00", "fermeture1": "20:00:00", "fermeture2": "20:00:00", "retention": 1, "reconduction": 3, "repousse": 3, "fuseau": "Europe/Paris", "wind_unit": "kt", "temp_unit": "c"}}, {"model": "core.station", "pk": 1244, "fields": {"oaci": "LFOB", "nom": "BEAUVAIS TILLE", "entete": "WLFR60 LFOB", "region": 1364, "active": true, "inseepp": "6063961", "outremer": false, "date_pivot": "2021-10-31T01:00:00", "ouverture": "00:00:00", "ouverture1": "00:00:00", "ouverture2": "00:00:00", "fermeture": "23:59:00", "fermeture1": "23:59:00", "fermeture2": "23:59:00", "retention": 1, "reconduction": 3, "repousse": 3, "fuseau": "Europe/Paris", "wind_unit": "kt", "temp_unit": "c"}}, {"model": "core.station", "pk": 1245, "fields": {"oaci": "LFOK", "nom": "CHALONS VATRY", "entete": "WLFR51 LFOK", "region": 1364, "active": true, "inseepp": "5159561", "outremer": false, "date_pivot": "2021-10-31T01:00:00", "ouverture": "03:00:00", "ouverture1": "03:00:00", "ouverture2": "05:00:00", "fermeture": "20:30:00", "fermeture1": "20:30:00", "fermeture2": "21:00:00", "retention": 1, "reconduction": 3, "repousse": 3, "fuseau": "Europe/Paris", "wind_unit": "kt", "temp_unit": "c"}}, {"model": "core.station", "pk": 1246, "fields": {"oaci": "LFOT", "nom": "TOURS VAL DE LOIRE", "entete": "WLFR37 LFOT", "region": 1368, "active": true, "inseepp": "3717961", "outremer": false, "date_pivot": "2021-10-31T01:00:00", "ouverture": "00:00:00", "ouverture1": "00:00:00", "ouverture2": "00:00:00", "fermeture": "23:59:00", "fermeture1": "23:59:00", "fermeture2": "23:59:00", "retention": 1, "reconduction": 3, "repousse": 3, "fuseau": "Europe/Paris", "wind_unit": "kt", "temp_unit": "c"}}, {"model": "core.station", "pk": 1247, "fields": {"oaci": "LFPB", "nom": "Le Bourget", "entete": "WLFR93 LFPB", "region": 1358, "active": true, "inseepp": "9508861", "outremer": false, "date_pivot": "2021-10-31T01:00:00", "ouverture": "00:00:00", "ouverture1": "00:00:00", "ouverture2": "00:00:00", "fermeture": "23:59:00", "fermeture1": "23:59:00", "fermeture2": "23:59:00", "retention": 3, "reconduction": 1, "repousse": 3, "fuseau": "Europe/Paris", "wind_unit": "kt", "temp_unit": "c"}}, {"model": "core.station", "pk": 1248, "fields": {"oaci": "LFPG", "nom": "Roissy", "entete": "WLFR95 LFPG", "region": 1358, "active": true, "inseepp": "9552761", "outremer": false, "date_pivot": "2021-10-31T01:00:00", "ouverture": "00:00:00", "ouverture1": "00:00:00", "ouverture2": "00:00:00", "fermeture": "23:59:00", "fermeture1": "23:59:00", "fermeture2": "23:59:00", "retention": 3, "reconduction": 1, "repousse": 3, "fuseau": "Europe/Paris", "wind_unit": "kt", "temp_unit": "c"}}, {"model": "core.station", "pk": 1249, "fields": {"oaci": "LFPN", "nom": "TOUSSUS LE NOBLE", "entete": "WLFR78 LFPN", "region": 1368, "active": true, "inseepp": "7862061", "outremer": false, "date_pivot": "2021-10-31T01:00:00", "ouverture": "05:30:00", "ouverture1": "05:30:00", "ouverture2": "05:30:00", "fermeture": "17:00:00", "fermeture1": "17:00:00", "fermeture2": "17:00:00", "retention": 1, "reconduction": 3, "repousse": 3, "fuseau": "Europe/Paris", "wind_unit": "kt", "temp_unit": "c"}}, {"model": "core.station", "pk": 1250, "fields": {"oaci": "LFPO", "nom": "PARIS ORLY", "entete": "WLFR94 LFPO", "region": 1368, "active": true, "inseepp": "9405461", "outremer": false, "date_pivot": "2021-10-31T01:00:00", "ouverture": "00:00:00", "ouverture1": "00:00:00", "ouverture2": "00:00:00", "fermeture": "23:59:00", "fermeture1": "23:59:00", "fermeture2": "23:59:00", "retention": 1, "reconduction": 3, "repousse": 3, "fuseau": "Europe/Paris", "wind_unit": "kt", "temp_unit": "c"}}, {"model": "core.station", "pk": 1251, "fields": {"oaci": "LFQQ", "nom": "LILLE LESQUIN", "entete": "WLFR59 LFQQ", "region": 1364, "active": true, "inseepp": "5934361", "outremer": false, "date_pivot": "2021-10-31T01:00:00", "ouverture": "00:00:00", "ouverture1": "00:00:00", "ouverture2": "00:00:00", "fermeture": "23:59:00", "fermeture1": "23:59:00", "fermeture2": "23:59:00", "retention": 1, "reconduction": 3, "repousse": 3, "fuseau": "Europe/Paris", "wind_unit": "kt", "temp_unit": "c"}}, {"model": "core.station", "pk": 1252, "fields": {"oaci": "LFRB", "nom": "BREST BRETAGNE", "entete": "WLFR29 LFRB", "region": 1367, "active": true, "inseepp": "2907561", "outremer": false, "date_pivot": "2021-10-31T01:00:00", "ouverture": "00:00:00", "ouverture1": "00:00:00", "ouverture2": "00:00:00", "fermeture": "23:59:00", "fermeture1": "23:59:00", "fermeture2": "23:59:00", "retention": 1, "reconduction": 3, "repousse": 3, "fuseau": "Europe/Paris", "wind_unit": "kmh", "temp_unit": "c"}}, {"model": "core.station", "pk": 1253, "fields": {"oaci": "LFRD", "nom": "DINARD PLEURTUIT SAINT MALO", "entete": "WLFR35 LFRD", "region": 1367, "active": true, "inseepp": "3522861", "outremer": false, "date_pivot": "2021-10-31T01:00:00", "ouverture": "00:00:00", "ouverture1": "00:00:00", "ouverture2": "00:00:00", "fermeture": "23:59:00", "fermeture1": "23:59:00", "fermeture2": "23:59:00", "retention": 1, "reconduction": 3, "repousse": 3, "fuseau": "Europe/Paris", "wind_unit": "kt", "temp_unit": "c"}}, {"model": "core.station", "pk": 1254, "fields": {"oaci": "LFRG", "nom": "DEAUVILLE NORMANDIE", "entete": "WLFR14 LFRG", "region": 1367, "active": true, "inseepp": "1457861", "outremer": false, "date_pivot": "2021-10-31T01:00:00", "ouverture": "06:00:00", "ouverture1": "06:00:00", "ouverture2": "06:00:00", "fermeture": "20:00:00", "fermeture1": "20:00:00", "fermeture2": "21:00:00", "retention": 1, "reconduction": 3, "repousse": 3, "fuseau": "Europe/Paris", "wind_unit": "kt", "temp_unit": "c"}}, {"model": "core.station", "pk": 1255, "fields": {"oaci": "LFRH", "nom": "LORIENT LANN BIHOUE", "entete": "WLFR56 LFRH", "region": 1367, "active": true, "inseepp": "5618561", "outremer": false, "date_pivot": "2021-10-31T01:00:00", "ouverture": "04:00:00", "ouverture1": "04:00:00", "ouverture2": "05:00:00", "fermeture": "22:00:00", "fermeture1": "22:00:00", "fermeture2": "23:00:00", "retention": 1, "reconduction": 3, "repousse": 3, "fuseau": "Europe/Paris", "wind_unit": "kmh", "temp_unit": "c"}}, {"model": "core.station", "pk": 1256, "fields": {"oaci": "LFRK", "nom": "CAEN CARPIQUET", "entete": "WLFR14 LFRK", "region": 1367, "active": true, "inseepp": "1413761", "outremer": false, "date_pivot": "2021-10-31T01:00:00", "ouverture": "06:00:00", "ouverture1": "06:00:00", "ouverture2": "06:00:00", "fermeture": "20:00:00", "fermeture1": "20:00:00", "fermeture2": "21:00:00", "retention": 1, "reconduction": 3, "repousse": 3, "fuseau": "Europe/Paris", "wind_unit": "kmh", "temp_unit": "c"}}, {"model": "core.station", "pk": 1257, "fields": {"oaci": "LFRN", "nom": "RENNES SAINT JACQUES", "entete": "WLFR35 LFRN", "region": 1367, "active": true, "inseepp": "3528161", "outremer": false, "date_pivot": "2021-10-31T01:00:00", "ouverture": "00:00:00", "ouverture1": "00:00:00", "ouverture2": "00:00:00", "fermeture": "23:59:00", "fermeture1": "23:59:00", "fermeture2": "23:59:00", "retention": 1, "reconduction": 3, "repousse": 3, "fuseau": "Europe/Paris", "wind_unit": "kt", "temp_unit": "c"}}, {"model": "core.station", "pk": 1258, "fields": {"oaci": "LFRO", "nom": "LANNION", "entete": "WLFR22 LFRO", "region": 1367, "active": true, "inseepp": "2211361", "outremer": false, "date_pivot": "2021-10-31T01:00:00", "ouverture": "05:00:00", "ouverture1": "05:00:00", "ouverture2": "05:00:00", "fermeture": "19:30:00", "fermeture1": "19:30:00", "fermeture2": "20:30:00", "retention": 1, "reconduction": 3, "repousse": 3, "fuseau": "Europe/Paris", "wind_unit": "kmh", "temp_unit": "c"}}, {"model": "core.station", "pk": 1259, "fields": {"oaci": "LFRQ", "nom": "QUIMPER PLUGUFFAN", "entete": "WLFR29 LFRQ", "region": 1367, "active": true, "inseepp": "2921661", "outremer": false, "date_pivot": "2021-10-31T01:00:00", "ouverture": "05:00:00", "ouverture1": "05:00:00", "ouverture2": "05:00:00", "fermeture": "22:00:00", "fermeture1": "22:00:00", "fermeture2": "23:00:00", "retention": 1, "reconduction": 3, "repousse": 3, "fuseau": "Europe/Paris", "wind_unit": "kmh", "temp_unit": "c"}}, {"model": "core.station", "pk": 1260, "fields": {"oaci": "LFRS", "nom": "NANTES ATLANTIQUE", "entete": "WLFR44 LFRS", "region": 1367, "active": true, "inseepp": "4402061", "outremer": false, "date_pivot": "2021-10-31T01:00:00", "ouverture": "00:00:00", "ouverture1": "00:00:00", "ouverture2": "00:00:00", "fermeture": "23:59:00", "fermeture1": "23:59:00", "fermeture2": "23:59:00", "retention": 1, "reconduction": 3, "repousse": 3, "fuseau": "Europe/Paris", "wind_unit": "kt", "temp_unit": "c"}}, {"model": "core.station", "pk": 1261, "fields": {"oaci": "LFRZ", "nom": "SAINT NAZAIRE MONTOIR", "entete": "WLFR44 LFRZ", "region": 1367, "active": true, "inseepp": "4410361", "outremer": false, "date_pivot": "2021-10-31T01:00:00", "ouverture": "00:00:00", "ouverture1": "00:00:00", "ouverture2": "00:00:00", "fermeture": "23:59:00", "fermeture1": "23:59:00", "fermeture2": "23:59:00", "retention": 1, "reconduction": 3, "repousse": 3, "fuseau": "Europe/Paris", "wind_unit": "kt", "temp_unit": "c"}}, {"model": "core.station", "pk": 1262, "fields": {"oaci": "LFSB", "nom": "BALE-MULHOUSE", "entete": "WLFR68 LFSB", "region": 1363, "active": true, "inseepp": "6829761", "outremer": false, "date_pivot": "2021-10-31T01:00:00", "ouverture": "00:00:00", "ouverture1": "00:00:00", "ouverture2": "00:00:00", "fermeture": "23:59:00", "fermeture1": "23:59:00", "fermeture2": "23:59:00", "retention": 1, "reconduction": 3, "repousse": 3, "fuseau": "Europe/Paris", "wind_unit": "kt", "temp_unit": "c"}}, {"model": "core.station", "pk": 1263, "fields": {"oaci": "LFSL", "nom": "BRIVE SOUILLAC", "entete": "WLFR19 LFSL", "region": 1361, "active": true, "inseepp": "1914761", "outremer": false, "date_pivot": "2021-10-31T01:00:00", "ouverture": "03:00:00", "ouverture1": "03:00:00", "ouverture2": "03:00:00", "fermeture": "20:00:00", "fermeture1": "20:00:00", "fermeture2": "21:00:00", "retention": 1, "reconduction": 3, "repousse": 3, "fuseau": "Europe/Paris", "wind_unit": "kt", "temp_unit": "c"}}, {"model": "core.station", "pk": 1264, "fields": {"oaci": "LFST", "nom": "STRASBOURG ENTZHEIM", "entete": "WLFR67 LFST", "region": 1363, "active": true, "inseepp": "6712461", "outremer": false, "date_pivot": "2021-10-31T01:00:00", "ouverture": "00:00:00", "ouverture1": "00:00:00", "ouverture2": "00:00:00", "fermeture": "23:59:00", "fermeture1": "23:59:00", "fermeture2": "23:59:00", "retention": 1, "reconduction": 3, "repousse": 3, "fuseau": "Europe/Paris", "wind_unit": "kmh", "temp_unit": "c"}}, {"model": "core.station", "pk": 1265, "fields": {"oaci": "LFTH", "nom": "HYERES LE PALYVESTRE", "entete": "WLFR83 LFTH", "region": 1366, "active": true, "inseepp": "8306961", "outremer": false, "date_pivot": "2021-10-31T01:00:00", "ouverture": "03:30:00", "ouverture1": "03:30:00", "ouverture2": "04:30:00", "fermeture": "21:00:00", "fermeture1": "21:00:00", "fermeture2": "22:00:00", "retention": 1, "reconduction": 3, "repousse": 3, "fuseau": "Europe/Paris", "wind_unit": "kt", "temp_unit": "c"}}, {"model": "core.station", "pk": 1266, "fields": {"oaci": "LFTW", "nom": "NIMES GARONS", "entete": "WLFR30 LFTW", "region": 1366, "active": true, "inseepp": "3025861", "outremer": false, "date_pivot": "2021-10-31T01:00:00", "ouverture": "03:00:00", "ouverture1": "03:00:00", "ouverture2": "03:00:00", "fermeture": "19:00:00", "fermeture1": "19:00:00", "fermeture2": "19:00:00", "retention": 1, "reconduction": 3, "repousse": 3, "fuseau": "Europe/Paris", "wind_unit": "kt", "temp_unit": "c"}}, {"model": "core.station", "pk": 1267, "fields": {"oaci": "LFVP", "nom": "SAINT PIERRE ET MIQUELON", "entete": "WLFP98 LFVP", "region": 1367, "active": true, "inseepp": "9750201", "outremer": true, "date_pivot": "2021-10-31T01:00:00", "ouverture": "09:00:00", "ouverture1": "09:00:00", "ouverture2": "09:00:00", "fermeture": "21:00:00", "fermeture1": "21:00:00", "fermeture2": "22:00:00", "retention": 1, "reconduction": 3, "repousse": 3, "fuseau": "Europe/Paris", "wind_unit": "kt", "temp_unit": "c"}}, {"model": "core.station", "pk": 1268, "fields": {"oaci": "NTAA", "nom": "TAHITI FAA'A", "entete": "WLPF98 NTAA", "region": 1360, "active": true, "inseepp": "9871501", "outremer": true, "date_pivot": "2021-10-31T01:00:00", "ouverture": "00:00:00", "ouverture1": "00:00:00", "ouverture2": "00:00:00", "fermeture": "23:59:00", "fermeture1": "23:59:00", "fermeture2": "23:59:00", "retention": 1, "reconduction": 3, "repousse": 3, "fuseau": "Pacific/Tahiti", "wind_unit": "kt", "temp_unit": "c"}}, {"model": "core.station", "pk": 1269, "fields": {"oaci": "NWWM", "nom": "NOUMEA MAGENTA", "entete": "WLNC98 NWWM", "region": 1359, "active": true, "inseepp": "9881801", "outremer": true, "date_pivot": "2021-10-31T01:00:00", "ouverture": "00:00:00", "ouverture1": "00:00:00", "ouverture2": "00:00:00", "fermeture": "23:59:00", "fermeture1": "23:59:00", "fermeture2": "23:59:00", "retention": 3, "reconduction": 1, "repousse": 3, "fuseau": "Europe/Paris", "wind_unit": "kt", "temp_unit": "c"}}, {"model": "core.station", "pk": 1270, "fields": {"oaci": "NWWW", "nom": "NOUMEA LA TONTOUTA", "entete": "WLNC98 NWWW", "region": 1359, "active": true, "inseepp": "9882101", "outremer": true, "date_pivot": "2021-10-31T01:00:00", "ouverture": "00:00:00", "ouverture1": "00:00:00", "ouverture2": "00:00:00", "fermeture": "23:59:00", "fermeture1": "23:59:00", "fermeture2": "23:59:00", "retention": 1, "reconduction": 3, "repousse": 3, "fuseau": "Europe/Paris", "wind_unit": "kt", "temp_unit": "c"}}, {"model": "core.station", "pk": 1271, "fields": {"oaci": "SOCA", "nom": "CAYENNE FELIX EBOUE", "entete": "WLFG98 SOCA", "region": 1369, "active": true, "inseepp": "9730701", "outremer": true, "date_pivot": "2021-10-31T01:00:00", "ouverture": "00:00:00", "ouverture1": "00:00:00", "ouverture2": "00:00:00", "fermeture": "23:59:00", "fermeture1": "23:59:00", "fermeture2": "23:59:00", "retention": 1, "reconduction": 3, "repousse": 3, "fuseau": "America/Guyana", "wind_unit": "kt", "temp_unit": "c"}}, {"model": "core.station", "pk": 1272, "fields": {"oaci": "TFFF", "nom": "MARTINIQUE AIME CESAIRE", "entete": "WLMR98 TFFF", "region": 1369, "active": true, "inseepp": "9721301", "outremer": true, "date_pivot": "2021-10-31T01:00:00", "ouverture": "00:00:00", "ouverture1": "00:00:00", "ouverture2": "00:00:00", "fermeture": "23:59:00", "fermeture1": "23:59:00", "fermeture2": "23:59:00", "retention": 1, "reconduction": 3, "repousse": 3, "fuseau": "America/Martinique", "wind_unit": "kt", "temp_unit": "c"}}, {"model": "core.station", "pk": 1273, "fields": {"oaci": "TFFR", "nom": "POINTE A PITRE/LE RAIZET", "entete": "WLMF98 TFFR", "region": 1369, "active": true, "inseepp": "9710101", "outremer": true, "date_pivot": "2021-10-31T01:00:00", "ouverture": "00:00:00", "ouverture1": "00:00:00", "ouverture2": "00:00:00", "fermeture": "23:59:00", "fermeture1": "23:59:00", "fermeture2": "23:59:00", "retention": 1, "reconduction": 3, "repousse": 3, "fuseau": "America/Martinique", "wind_unit": "kt", "temp_unit": "c"}}, {"model": "core.configmaa", "pk": 11629, "fields": {"station": 1208, "type_maa": "TS", "seuil": 1.0, "auto": true, "pause": 2, "scan": 3, "profondeur": 12}}, {"model": "core.configmaa", "pk": 11630, "fields": {"station": 1208, "type_maa": "VENT_MOY", "seuil": 35.0, "auto": true, "pause": 2, "scan": 12, "profondeur": 12}}, {"model": "core.configmaa", "pk": 11631, "fields": {"station": 1208, "type_maa": "TC", "seuil": 1.0, "auto": false, "pause": 2, "scan": 12, "profondeur": 12}}, {"model": "core.configmaa", "pk": 11632, "fields": {"station": 1208, "type_maa": "TSUNAMI", "seuil": 1.0, "auto": false, "pause": 2, "scan": 12, "profondeur": 12}}, {"model": "core.configmaa", "pk": 11633, "fields": {"station": 1210, "type_maa": "TS", "seuil": 1.0, "auto": true, "pause": 2, "scan": 3, "profondeur": 12}}, {"model": "core.configmaa", "pk": 11634, "fields": {"station": 1210, "type_maa": "GR", "seuil": 1.0, "auto": true, "pause": 2, "scan": 3, "profondeur": 12}}, {"model": "core.configmaa", "pk": 11635, "fields": {"station": 1210, "type_maa": "SQ", "seuil": 1.0, "auto": true, "pause": 2, "scan": 12, "profondeur": 12}}, {"model": "core.configmaa", "pk": 11636, "fields": {"station": 1210, "type_maa": "VENT_MOY", "seuil": 30.0, "auto": true, "pause": 2, "scan": 12, "profondeur": 12}}, {"model": "core.configmaa", "pk": 11637, "fields": {"station": 1210, "type_maa": "VENT", "seuil": 50.0, "auto": true, "pause": 2, "scan": 12, "profondeur": 12}}, {"model": "core.configmaa", "pk": 11638, "fields": {"station": 1210, "type_maa": "SN", "seuil": 1.0, "auto": false, "pause": 2, "scan": 12, "profondeur": 12}}, {"model": "core.configmaa", "pk": 11639, "fields": {"station": 1210, "type_maa": "FZRA", "seuil": 1.0, "auto": true, "pause": 2, "scan": 12, "profondeur": 12}}, {"model": "core.configmaa", "pk": 11640, "fields": {"station": 1210, "type_maa": "FZDZ", "seuil": 1.0, "auto": true, "pause": 2, "scan": 12, "profondeur": 12}}, {"model": "core.configmaa", "pk": 11641, "fields": {"station": 1210, "type_maa": "FZFG", "seuil": 1.0, "auto": true, "pause": 2, "scan": 12, "profondeur": 12}}, {"model": "core.configmaa", "pk": 11642, "fields": {"station": 1210, "type_maa": "FWID", "seuil": 1.0, "auto": false, "pause": 2, "scan": 12, "profondeur": 12}}, {"model": "core.configmaa", "pk": 11643, "fields": {"station": 1210, "type_maa": "VA", "seuil": 1.0, "auto": false, "pause": 2, "scan": 12, "profondeur": 12}}, {"model": "core.configmaa", "pk": 11644, "fields": {"station": 1211, "type_maa": "TS", "seuil": 1.0, "auto": true, "pause": 2, "scan": 3, "profondeur": 12}}, {"model": "core.configmaa", "pk": 11645, "fields": {"station": 1211, "type_maa": "GR", "seuil": 1.0, "auto": true, "pause": 2, "scan": 3, "profondeur": 12}}, {"model": "core.configmaa", "pk": 11646, "fields": {"station": 1211, "type_maa": "SQ", "seuil": 1.0, "auto": true, "pause": 2, "scan": 12, "profondeur": 12}}, {"model": "core.configmaa", "pk": 11647, "fields": {"station": 1211, "type_maa": "VENT_MOY", "seuil": 30.0, "auto": true, "pause": 2, "scan": 12, "profondeur": 12}}, {"model": "core.configmaa", "pk": 11648, "fields": {"station": 1211, "type_maa": "VENT", "seuil": 50.0, "auto": true, "pause": 2, "scan": 12, "profondeur": 12}}, {"model": "core.configmaa", "pk": 11649, "fields": {"station": 1211, "type_maa": "SN", "seuil": 1.0, "auto": false, "pause": 2, "scan": 12, "profondeur": 12}}, {"model": "core.configmaa", "pk": 11650, "fields": {"station": 1211, "type_maa": "FZRA", "seuil": 1.0, "auto": true, "pause": 2, "scan": 12, "profondeur": 12}}, {"model": "core.configmaa", "pk": 11651, "fields": {"station": 1211, "type_maa": "FZDZ", "seuil": 1.0, "auto": true, "pause": 2, "scan": 12, "profondeur": 12}}, {"model": "core.configmaa", "pk": 11652, "fields": {"station": 1211, "type_maa": "FZFG", "seuil": 1.0, "auto": true, "pause": 2, "scan": 12, "profondeur": 12}}, {"model": "core.configmaa", "pk": 11653, "fields": {"station": 1211, "type_maa": "FWID", "seuil": 1.0, "auto": false, "pause": 2, "scan": 12, "profondeur": 12}}, {"model": "core.configmaa", "pk": 11654, "fields": {"station": 1211, "type_maa": "VA", "seuil": 1.0, "auto": false, "pause": 2, "scan": 12, "profondeur": 12}}, {"model": "core.configmaa", "pk": 11655, "fields": {"station": 1212, "type_maa": "TS", "seuil": 1.0, "auto": true, "pause": 2, "scan": 3, "profondeur": 12}}, {"model": "core.configmaa", "pk": 11656, "fields": {"station": 1212, "type_maa": "GR", "seuil": 1.0, "auto": true, "pause": 2, "scan": 3, "profondeur": 12}}, {"model": "core.configmaa", "pk": 11657, "fields": {"station": 1212, "type_maa": "SQ", "seuil": 1.0, "auto": true, "pause": 2, "scan": 12, "profondeur": 12}}, {"model": "core.configmaa", "pk": 11658, "fields": {"station": 1212, "type_maa": "VENT_MOY", "seuil": 30.0, "auto": true, "pause": 2, "scan": 12, "profondeur": 12}}, {"model": "core.configmaa", "pk": 11659, "fields": {"station": 1212, "type_maa": "VENT", "seuil": 50.0, "auto": true, "pause": 2, "scan": 12, "profondeur": 12}}, {"model": "core.configmaa", "pk": 11660, "fields": {"station": 1212, "type_maa": "SN", "seuil": 1.0, "auto": false, "pause": 2, "scan": 12, "profondeur": 12}}, {"model": "core.configmaa", "pk": 11661, "fields": {"station": 1212, "type_maa": "FZRA", "seuil": 1.0, "auto": true, "pause": 2, "scan": 12, "profondeur": 12}}, {"model": "core.configmaa", "pk": 11662, "fields": {"station": 1212, "type_maa": "FZDZ", "seuil": 1.0, "auto": true, "pause": 2, "scan": 12, "profondeur": 12}}, {"model": "core.configmaa", "pk": 11663, "fields": {"station": 1212, "type_maa": "FZFG", "seuil": 1.0, "auto": true, "pause": 2, "scan": 12, "profondeur": 12}}, {"model": "core.configmaa", "pk": 11664, "fields": {"station": 1212, "type_maa": "FWID", "seuil": 1.0, "auto": false, "pause": 2, "scan": 12, "profondeur": 12}}, {"model": "core.configmaa", "pk": 11665, "fields": {"station": 1212, "type_maa": "VA", "seuil": 1.0, "auto": false, "pause": 2, "scan": 12, "profondeur": 12}}, {"model": "core.configmaa", "pk": 11666, "fields": {"station": 1213, "type_maa": "TS", "seuil": 1.0, "auto": true, "pause": 2, "scan": 3, "profondeur": 12}}, {"model": "core.configmaa", "pk": 11667, "fields": {"station": 1213, "type_maa": "GR", "seuil": 1.0, "auto": true, "pause": 2, "scan": 3, "profondeur": 12}}, {"model": "core.configmaa", "pk": 11668, "fields": {"station": 1213, "type_maa": "SQ", "seuil": 1.0, "auto": true, "pause": 2, "scan": 12, "profondeur": 12}}, {"model": "core.configmaa", "pk": 11669, "fields": {"station": 1213, "type_maa": "VENT_MOY", "seuil": 30.0, "auto": true, "pause": 2, "scan": 12, "profondeur": 12}}, {"model": "core.configmaa", "pk": 11670, "fields": {"station": 1213, "type_maa": "VENT", "seuil": 50.0, "auto": true, "pause": 2, "scan": 12, "profondeur": 12}}, {"model": "core.configmaa", "pk": 11671, "fields": {"station": 1213, "type_maa": "SN", "seuil": 1.0, "auto": false, "pause": 2, "scan": 12, "profondeur": 12}}, {"model": "core.configmaa", "pk": 11672, "fields": {"station": 1213, "type_maa": "FZRA", "seuil": 1.0, "auto": true, "pause": 2, "scan": 12, "profondeur": 12}}, {"model": "core.configmaa", "pk": 11673, "fields": {"station": 1213, "type_maa": "FZDZ", "seuil": 1.0, "auto": true, "pause": 2, "scan": 12, "profondeur": 12}}, {"model": "core.configmaa", "pk": 11674, "fields": {"station": 1213, "type_maa": "FZFG", "seuil": 1.0, "auto": true, "pause": 2, "scan": 12, "profondeur": 12}}, {"model": "core.configmaa", "pk": 11675, "fields": {"station": 1213, "type_maa": "FWID", "seuil": 1.0, "auto": false, "pause": 2, "scan": 12, "profondeur": 12}}, {"model": "core.configmaa", "pk": 11676, "fields": {"station": 1213, "type_maa": "VA", "seuil": 1.0, "auto": false, "pause": 2, "scan": 12, "profondeur": 12}}, {"model": "core.configmaa", "pk": 11677, "fields": {"station": 1214, "type_maa": "TS", "seuil": 1.0, "auto": true, "pause": 2, "scan": 3, "profondeur": 12}}, {"model": "core.configmaa", "pk": 11678, "fields": {"station": 1214, "type_maa": "GR", "seuil": 1.0, "auto": true, "pause": 2, "scan": 3, "profondeur": 12}}, {"model": "core.configmaa", "pk": 11679, "fields": {"station": 1214, "type_maa": "SQ", "seuil": 1.0, "auto": true, "pause": 2, "scan": 12, "profondeur": 12}}, {"model": "core.configmaa", "pk": 11680, "fields": {"station": 1214, "type_maa": "VENT_MOY", "seuil": 30.0, "auto": true, "pause": 2, "scan": 12, "profondeur": 12}}, {"model": "core.configmaa", "pk": 11681, "fields": {"station": 1214, "type_maa": "VENT", "seuil": 50.0, "auto": true, "pause": 2, "scan": 12, "profondeur": 12}}, {"model": "core.configmaa", "pk": 11682, "fields": {"station": 1214, "type_maa": "SN", "seuil": 1.0, "auto": false, "pause": 2, "scan": 12, "profondeur": 12}}, {"model": "core.configmaa", "pk": 11683, "fields": {"station": 1214, "type_maa": "FZRA", "seuil": 1.0, "auto": true, "pause": 2, "scan": 12, "profondeur": 12}}, {"model": "core.configmaa", "pk": 11684, "fields": {"station": 1214, "type_maa": "FZDZ", "seuil": 1.0, "auto": true, "pause": 2, "scan": 12, "profondeur": 12}}, {"model": "core.configmaa", "pk": 11685, "fields": {"station": 1214, "type_maa": "FZFG", "seuil": 1.0, "auto": true, "pause": 2, "scan": 12, "profondeur": 12}}, {"model": "core.configmaa", "pk": 11686, "fields": {"station": 1214, "type_maa": "FWID", "seuil": 1.0, "auto": false, "pause": 2, "scan": 12, "profondeur": 12}}, {"model": "core.configmaa", "pk": 11687, "fields": {"station": 1214, "type_maa": "VA", "seuil": 1.0, "auto": false, "pause": 2, "scan": 12, "profondeur": 12}}, {"model": "core.configmaa", "pk": 11688, "fields": {"station": 1215, "type_maa": "TS", "seuil": 1.0, "auto": true, "pause": 2, "scan": 3, "profondeur": 12}}, {"model": "core.configmaa", "pk": 11689, "fields": {"station": 1215, "type_maa": "GR", "seuil": 1.0, "auto": true, "pause": 2, "scan": 3, "profondeur": 12}}, {"model": "core.configmaa", "pk": 11690, "fields": {"station": 1215, "type_maa": "SQ", "seuil": 1.0, "auto": true, "pause": 2, "scan": 12, "profondeur": 12}}, {"model": "core.configmaa", "pk": 11691, "fields": {"station": 1215, "type_maa": "VENT_MOY", "seuil": 30.0, "auto": true, "pause": 2, "scan": 12, "profondeur": 12}}, {"model": "core.configmaa", "pk": 11692, "fields": {"station": 1215, "type_maa": "VENT", "seuil": 50.0, "auto": true, "pause": 2, "scan": 12, "profondeur": 12}}, {"model": "core.configmaa", "pk": 11693, "fields": {"station": 1215, "type_maa": "SN", "seuil": 1.0, "auto": false, "pause": 2, "scan": 12, "profondeur": 12}}, {"model": "core.configmaa", "pk": 11694, "fields": {"station": 1215, "type_maa": "FZRA", "seuil": 1.0, "auto": true, "pause": 2, "scan": 12, "profondeur": 12}}, {"model": "core.configmaa", "pk": 11695, "fields": {"station": 1215, "type_maa": "FZDZ", "seuil": 1.0, "auto": true, "pause": 2, "scan": 12, "profondeur": 12}}, {"model": "core.configmaa", "pk": 11696, "fields": {"station": 1215, "type_maa": "FZFG", "seuil": 1.0, "auto": true, "pause": 2, "scan": 12, "profondeur": 12}}, {"model": "core.configmaa", "pk": 11697, "fields": {"station": 1215, "type_maa": "FWID", "seuil": 1.0, "auto": false, "pause": 2, "scan": 12, "profondeur": 12}}, {"model": "core.configmaa", "pk": 11698, "fields": {"station": 1215, "type_maa": "VA", "seuil": 1.0, "auto": false, "pause": 2, "scan": 12, "profondeur": 12}}, {"model": "core.configmaa", "pk": 11699, "fields": {"station": 1216, "type_maa": "TS", "seuil": 1.0, "auto": true, "pause": 2, "scan": 3, "profondeur": 12}}, {"model": "core.configmaa", "pk": 11700, "fields": {"station": 1216, "type_maa": "GR", "seuil": 1.0, "auto": true, "pause": 2, "scan": 3, "profondeur": 12}}, {"model": "core.configmaa", "pk": 11701, "fields": {"station": 1216, "type_maa": "SQ", "seuil": 1.0, "auto": true, "pause": 2, "scan": 12, "profondeur": 12}}, {"model": "core.configmaa", "pk": 11702, "fields": {"station": 1216, "type_maa": "VENT_MOY", "seuil": 30.0, "auto": true, "pause": 2, "scan": 12, "profondeur": 12}}, {"model": "core.configmaa", "pk": 11703, "fields": {"station": 1216, "type_maa": "SN", "seuil": 1.0, "auto": false, "pause": 2, "scan": 12, "profondeur": 12}}, {"model": "core.configmaa", "pk": 11704, "fields": {"station": 1216, "type_maa": "FZRA", "seuil": 1.0, "auto": true, "pause": 2, "scan": 12, "profondeur": 12}}, {"model": "core.configmaa", "pk": 11705, "fields": {"station": 1216, "type_maa": "FZDZ", "seuil": 1.0, "auto": true, "pause": 2, "scan": 12, "profondeur": 12}}, {"model": "core.configmaa", "pk": 11706, "fields": {"station": 1216, "type_maa": "FZFG", "seuil": 1.0, "auto": true, "pause": 2, "scan": 12, "profondeur": 12}}, {"model": "core.configmaa", "pk": 11707, "fields": {"station": 1216, "type_maa": "FWID", "seuil": 1.0, "auto": false, "pause": 2, "scan": 12, "profondeur": 12}}, {"model": "core.configmaa", "pk": 11708, "fields": {"station": 1216, "type_maa": "VA", "seuil": 1.0, "auto": false, "pause": 2, "scan": 12, "profondeur": 12}}, {"model": "core.configmaa", "pk": 11709, "fields": {"station": 1217, "type_maa": "TS", "seuil": 1.0, "auto": true, "pause": 2, "scan": 3, "profondeur": 12}}, {"model": "core.configmaa", "pk": 11710, "fields": {"station": 1217, "type_maa": "GR", "seuil": 1.0, "auto": true, "pause": 2, "scan": 3, "profondeur": 12}}, {"model": "core.configmaa", "pk": 11711, "fields": {"station": 1217, "type_maa": "SQ", "seuil": 1.0, "auto": true, "pause": 2, "scan": 12, "profondeur": 12}}, {"model": "core.configmaa", "pk": 11712, "fields": {"station": 1217, "type_maa": "VENT_MOY", "seuil": 30.0, "auto": true, "pause": 2, "scan": 12, "profondeur": 12}}, {"model": "core.configmaa", "pk": 11713, "fields": {"station": 1217, "type_maa": "VENT", "seuil": 50.0, "auto": true, "pause": 2, "scan": 12, "profondeur": 12}}, {"model": "core.configmaa", "pk": 11714, "fields": {"station": 1217, "type_maa": "SN", "seuil": 1.0, "auto": false, "pause": 2, "scan": 12, "profondeur": 12}}, {"model": "core.configmaa", "pk": 11715, "fields": {"station": 1217, "type_maa": "FZRA", "seuil": 1.0, "auto": true, "pause": 2, "scan": 12, "profondeur": 12}}, {"model": "core.configmaa", "pk": 11716, "fields": {"station": 1217, "type_maa": "FZDZ", "seuil": 1.0, "auto": true, "pause": 2, "scan": 12, "profondeur": 12}}, {"model": "core.configmaa", "pk": 11717, "fields": {"station": 1217, "type_maa": "FZFG", "seuil": 1.0, "auto": true, "pause": 2, "scan": 12, "profondeur": 12}}, {"model": "core.configmaa", "pk": 11718, "fields": {"station": 1217, "type_maa": "FWID", "seuil": 1.0, "auto": false, "pause": 2, "scan": 12, "profondeur": 12}}, {"model": "core.configmaa", "pk": 11719, "fields": {"station": 1217, "type_maa": "VA", "seuil": 1.0, "auto": false, "pause": 2, "scan": 12, "profondeur": 12}}, {"model": "core.configmaa", "pk": 11720, "fields": {"station": 1218, "type_maa": "TS", "seuil": 1.0, "auto": true, "pause": 2, "scan": 3, "profondeur": 12}}, {"model": "core.configmaa", "pk": 11721, "fields": {"station": 1218, "type_maa": "GR", "seuil": 1.0, "auto": true, "pause": 2, "scan": 3, "profondeur": 12}}, {"model": "core.configmaa", "pk": 11722, "fields": {"station": 1218, "type_maa": "SQ", "seuil": 1.0, "auto": true, "pause": 2, "scan": 12, "profondeur": 12}}, {"model": "core.configmaa", "pk": 11723, "fields": {"station": 1218, "type_maa": "VENT", "seuil": 50.0, "auto": true, "pause": 2, "scan": 12, "profondeur": 12}}, {"model": "core.configmaa", "pk": 11724, "fields": {"station": 1218, "type_maa": "SN", "seuil": 1.0, "auto": false, "pause": 2, "scan": 12, "profondeur": 12}}, {"model": "core.configmaa", "pk": 11725, "fields": {"station": 1218, "type_maa": "FZRA", "seuil": 1.0, "auto": true, "pause": 2, "scan": 12, "profondeur": 12}}, {"model": "core.configmaa", "pk": 11726, "fields": {"station": 1218, "type_maa": "FZDZ", "seuil": 1.0, "auto": true, "pause": 2, "scan": 12, "profondeur": 12}}, {"model": "core.configmaa", "pk": 11727, "fields": {"station": 1218, "type_maa": "FZFG", "seuil": 1.0, "auto": true, "pause": 2, "scan": 12, "profondeur": 12}}, {"model": "core.configmaa", "pk": 11728, "fields": {"station": 1218, "type_maa": "FWID", "seuil": 1.0, "auto": false, "pause": 2, "scan": 12, "profondeur": 12}}, {"model": "core.configmaa", "pk": 11729, "fields": {"station": 1218, "type_maa": "VA", "seuil": 1.0, "auto": false, "pause": 2, "scan": 12, "profondeur": 12}}, {"model": "core.configmaa", "pk": 11730, "fields": {"station": 1219, "type_maa": "TS", "seuil": 1.0, "auto": true, "pause": 2, "scan": 3, "profondeur": 12}}, {"model": "core.configmaa", "pk": 11731, "fields": {"station": 1219, "type_maa": "GR", "seuil": 1.0, "auto": true, "pause": 2, "scan": 3, "profondeur": 12}}, {"model": "core.configmaa", "pk": 11732, "fields": {"station": 1219, "type_maa": "SQ", "seuil": 1.0, "auto": true, "pause": 2, "scan": 12, "profondeur": 12}}, {"model": "core.configmaa", "pk": 11733, "fields": {"station": 1219, "type_maa": "VENT_MOY", "seuil": 30.0, "auto": true, "pause": 2, "scan": 12, "profondeur": 12}}, {"model": "core.configmaa", "pk": 11734, "fields": {"station": 1219, "type_maa": "VENT", "seuil": 50.0, "auto": true, "pause": 2, "scan": 12, "profondeur": 12}}, {"model": "core.configmaa", "pk": 11735, "fields": {"station": 1219, "type_maa": "RR24", "seuil": 30.0, "auto": true, "pause": 2, "scan": 12, "profondeur": 12}}, {"model": "core.configmaa", "pk": 11736, "fields": {"station": 1219, "type_maa": "SN", "seuil": 1.0, "auto": false, "pause": 2, "scan": 12, "profondeur": 12}}, {"model": "core.configmaa", "pk": 11737, "fields": {"station": 1219, "type_maa": "FZRA", "seuil": 1.0, "auto": true, "pause": 2, "scan": 12, "profondeur": 12}}, {"model": "core.configmaa", "pk": 11738, "fields": {"station": 1219, "type_maa": "FZDZ", "seuil": 1.0, "auto": true, "pause": 2, "scan": 12, "profondeur": 12}}, {"model": "core.configmaa", "pk": 11739, "fields": {"station": 1219, "type_maa": "FZFG", "seuil": 1.0, "auto": true, "pause": 2, "scan": 12, "profondeur": 12}}, {"model": "core.configmaa", "pk": 11740, "fields": {"station": 1219, "type_maa": "FWID", "seuil": 1.0, "auto": false, "pause": 2, "scan": 12, "profondeur": 12}}, {"model": "core.configmaa", "pk": 11741, "fields": {"station": 1219, "type_maa": "VA", "seuil": 1.0, "auto": false, "pause": 2, "scan": 12, "profondeur": 12}}, {"model": "core.configmaa", "pk": 11742, "fields": {"station": 1220, "type_maa": "TS", "seuil": 1.0, "auto": true, "pause": 2, "scan": 3, "profondeur": 12}}, {"model": "core.configmaa", "pk": 11743, "fields": {"station": 1220, "type_maa": "GR", "seuil": 1.0, "auto": true, "pause": 2, "scan": 3, "profondeur": 12}}, {"model": "core.configmaa", "pk": 11744, "fields": {"station": 1220, "type_maa": "SQ", "seuil": 1.0, "auto": true, "pause": 2, "scan": 12, "profondeur": 12}}, {"model": "core.configmaa", "pk": 11745, "fields": {"station": 1220, "type_maa": "VENT_MOY", "seuil": 30.0, "auto": true, "pause": 2, "scan": 12, "profondeur": 12}}, {"model": "core.configmaa", "pk": 11746, "fields": {"station": 1220, "type_maa": "VENT", "seuil": 50.0, "auto": true, "pause": 2, "scan": 12, "profondeur": 12}}, {"model": "core.configmaa", "pk": 11747, "fields": {"station": 1220, "type_maa": "SN", "seuil": 1.0, "auto": false, "pause": 2, "scan": 12, "profondeur": 12}}, {"model": "core.configmaa", "pk": 11748, "fields": {"station": 1220, "type_maa": "FZRA", "seuil": 1.0, "auto": true, "pause": 2, "scan": 12, "profondeur": 12}}, {"model": "core.configmaa", "pk": 11749, "fields": {"station": 1220, "type_maa": "FZDZ", "seuil": 1.0, "auto": true, "pause": 2, "scan": 12, "profondeur": 12}}, {"model": "core.configmaa", "pk": 11750, "fields": {"station": 1220, "type_maa": "FZFG", "seuil": 1.0, "auto": true, "pause": 2, "scan": 12, "profondeur": 12}}, {"model": "core.configmaa", "pk": 11751, "fields": {"station": 1220, "type_maa": "FWID", "seuil": 1.0, "auto": false, "pause": 2, "scan": 12, "profondeur": 12}}, {"model": "core.configmaa", "pk": 11752, "fields": {"station": 1220, "type_maa": "VA", "seuil": 1.0, "auto": false, "pause": 2, "scan": 12, "profondeur": 12}}, {"model": "core.configmaa", "pk": 11753, "fields": {"station": 1221, "type_maa": "TS", "seuil": 1.0, "auto": true, "pause": 2, "scan": 12, "profondeur": 12}}, {"model": "core.configmaa", "pk": 11754, "fields": {"station": 1221, "type_maa": "VENT", "seuil": 35.0, "auto": true, "pause": 2, "scan": 12, "profondeur": 12}}, {"model": "core.configmaa", "pk": 11755, "fields": {"station": 1221, "type_maa": "SN", "seuil": 1.0, "auto": false, "pause": 2, "scan": 6, "profondeur": 12}}, {"model": "core.configmaa", "pk": 11756, "fields": {"station": 1221, "type_maa": "FZRA", "seuil": 1.0, "auto": true, "pause": 2, "scan": 6, "profondeur": 12}}, {"model": "core.configmaa", "pk": 11757, "fields": {"station": 1221, "type_maa": "FZDZ", "seuil": 1.0, "auto": true, "pause": 2, "scan": 6, "profondeur": 12}}, {"model": "core.configmaa", "pk": 11758, "fields": {"station": 1221, "type_maa": "VA", "seuil": 1.0, "auto": false, "pause": 2, "scan": 12, "profondeur": 12}}, {"model": "core.configmaa", "pk": 11759, "fields": {"station": 1221, "type_maa": "TOXCHEM", "seuil": 1.0, "auto": false, "pause": 2, "scan": 12, "profondeur": 12}}, {"model": "core.configmaa", "pk": 11760, "fields": {"station": 1222, "type_maa": "TS", "seuil": 1.0, "auto": true, "pause": 2, "scan": 3, "profondeur": 12}}, {"model": "core.configmaa", "pk": 11761, "fields": {"station": 1222, "type_maa": "VENT", "seuil": 43.2, "auto": true, "pause": 2, "scan": 12, "profondeur": 12}}, {"model": "core.configmaa", "pk": 11762, "fields": {"station": 1222, "type_maa": "SN", "seuil": 1.0, "auto": false, "pause": 2, "scan": 12, "profondeur": 12}}, {"model": "core.configmaa", "pk": 11763, "fields": {"station": 1222, "type_maa": "FZRA", "seuil": 1.0, "auto": true, "pause": 2, "scan": 6, "profondeur": 12}}, {"model": "core.configmaa", "pk": 11764, "fields": {"station": 1222, "type_maa": "FZDZ", "seuil": 1.0, "auto": true, "pause": 2, "scan": 6, "profondeur": 12}}, {"model": "core.configmaa", "pk": 11765, "fields": {"station": 1222, "type_maa": "FZFG", "seuil": 1.0, "auto": true, "pause": 2, "scan": 12, "profondeur": 12}}, {"model": "core.configmaa", "pk": 11766, "fields": {"station": 1222, "type_maa": "FWID", "seuil": 1.0, "auto": false, "pause": 2, "scan": 12, "profondeur": 12}}, {"model": "core.configmaa", "pk": 11767, "fields": {"station": 1222, "type_maa": "VA", "seuil": 1.0, "auto": false, "pause": 2, "scan": 12, "profondeur": 12}}, {"model": "core.configmaa", "pk": 11768, "fields": {"station": 1222, "type_maa": "TOXCHEM", "seuil": 1.0, "auto": false, "pause": 2, "scan": 12, "profondeur": 12}}, {"model": "core.configmaa", "pk": 11769, "fields": {"station": 1223, "type_maa": "TS", "seuil": 1.0, "auto": true, "pause": 2, "scan": 3, "profondeur": 12}}, {"model": "core.configmaa", "pk": 11770, "fields": {"station": 1223, "type_maa": "GR", "seuil": 1.0, "auto": true, "pause": 2, "scan": 3, "profondeur": 12}}, {"model": "core.configmaa", "pk": 11771, "fields": {"station": 1223, "type_maa": "SQ", "seuil": 1.0, "auto": true, "pause": 2, "scan": 12, "profondeur": 12}}, {"model": "core.configmaa", "pk": 11772, "fields": {"station": 1223, "type_maa": "VENT_MOY", "seuil": 32.4, "auto": true, "pause": 2, "scan": 12, "profondeur": 12}}, {"model": "core.configmaa", "pk": 11773, "fields": {"station": 1223, "type_maa": "VENT", "seuil": 54.0, "auto": true, "pause": 2, "scan": 12, "profondeur": 12}}, {"model": "core.configmaa", "pk": 11774, "fields": {"station": 1223, "type_maa": "RR24", "seuil": 40.0, "auto": true, "pause": 2, "scan": 12, "profondeur": 12}}, {"model": "core.configmaa", "pk": 11775, "fields": {"station": 1223, "type_maa": "SN", "seuil": 1.0, "auto": false, "pause": 2, "scan": 12, "profondeur": 12}}, {"model": "core.configmaa", "pk": 11776, "fields": {"station": 1223, "type_maa": "FZRA", "seuil": 1.0, "auto": true, "pause": 2, "scan": 12, "profondeur": 12}}, {"model": "core.configmaa", "pk": 11777, "fields": {"station": 1223, "type_maa": "FZDZ", "seuil": 1.0, "auto": true, "pause": 2, "scan": 12, "profondeur": 12}}, {"model": "core.configmaa", "pk": 11778, "fields": {"station": 1223, "type_maa": "RIME", "seuil": 1.0, "auto": false, "pause": 2, "scan": 12, "profondeur": 12}}, {"model": "core.configmaa", "pk": 11779, "fields": {"station": 1223, "type_maa": "FG", "seuil": 1.0, "auto": true, "pause": 2, "scan": 12, "profondeur": 12}}, {"model": "core.configmaa", "pk": 11780, "fields": {"station": 1223, "type_maa": "FZFG", "seuil": 1.0, "auto": true, "pause": 2, "scan": 12, "profondeur": 12}}, {"model": "core.configmaa", "pk": 11781, "fields": {"station": 1223, "type_maa": "FWID", "seuil": 1.0, "auto": false, "pause": 2, "scan": 12, "profondeur": 12}}, {"model": "core.configmaa", "pk": 11782, "fields": {"station": 1223, "type_maa": "FWOID", "seuil": 1.0, "auto": false, "pause": 2, "scan": 12, "profondeur": 12}}, {"model": "core.configmaa", "pk": 11783, "fields": {"station": 1223, "type_maa": "VA", "seuil": 1.0, "auto": false, "pause": 2, "scan": 12, "profondeur": 12}}, {"model": "core.configmaa", "pk": 11784, "fields": {"station": 1223, "type_maa": "TSUNAMI", "seuil": 1.0, "auto": false, "pause": 2, "scan": 12, "profondeur": 12}}, {"model": "core.configmaa", "pk": 11785, "fields": {"station": 1223, "type_maa": "TOXCHEM", "seuil": 1.0, "auto": false, "pause": 2, "scan": 12, "profondeur": 12}}, {"model": "core.configmaa", "pk": 11786, "fields": {"station": 1224, "type_maa": "TS", "seuil": 1.0, "auto": true, "pause": 2, "scan": 3, "profondeur": 12}}, {"model": "core.configmaa", "pk": 11787, "fields": {"station": 1224, "type_maa": "GR", "seuil": 1.0, "auto": true, "pause": 2, "scan": 3, "profondeur": 12}}, {"model": "core.configmaa", "pk": 11788, "fields": {"station": 1224, "type_maa": "SQ", "seuil": 1.0, "auto": true, "pause": 2, "scan": 12, "profondeur": 12}}, {"model": "core.configmaa", "pk": 11789, "fields": {"station": 1224, "type_maa": "VENT_MOY", "seuil": 25.0, "auto": true, "pause": 2, "scan": 12, "profondeur": 12}}, {"model": "core.configmaa", "pk": 11790, "fields": {"station": 1224, "type_maa": "VENT", "seuil": 45.0, "auto": true, "pause": 2, "scan": 12, "profondeur": 12}}, {"model": "core.configmaa", "pk": 11791, "fields": {"station": 1224, "type_maa": "RR24", "seuil": 40.0, "auto": true, "pause": 2, "scan": 12, "profondeur": 12}}, {"model": "core.configmaa", "pk": 11792, "fields": {"station": 1224, "type_maa": "SN", "seuil": 1.0, "auto": false, "pause": 2, "scan": 12, "profondeur": 12}}, {"model": "core.configmaa", "pk": 11793, "fields": {"station": 1224, "type_maa": "FZRA", "seuil": 1.0, "auto": true, "pause": 2, "scan": 12, "profondeur": 12}}, {"model": "core.configmaa", "pk": 11794, "fields": {"station": 1224, "type_maa": "FZDZ", "seuil": 1.0, "auto": true, "pause": 2, "scan": 12, "profondeur": 12}}, {"model": "core.configmaa", "pk": 11795, "fields": {"station": 1224, "type_maa": "RIME", "seuil": 1.0, "auto": false, "pause": 2, "scan": 12, "profondeur": 12}}, {"model": "core.configmaa", "pk": 11796, "fields": {"station": 1224, "type_maa": "FG", "seuil": 1.0, "auto": true, "pause": 2, "scan": 12, "profondeur": 12}}, {"model": "core.configmaa", "pk": 11797, "fields": {"station": 1224, "type_maa": "FZFG", "seuil": 1.0, "auto": true, "pause": 2, "scan": 12, "profondeur": 12}}, {"model": "core.configmaa", "pk": 11798, "fields": {"station": 1224, "type_maa": "FWID", "seuil": 1.0, "auto": false, "pause": 2, "scan": 12, "profondeur": 12}}, {"model": "core.configmaa", "pk": 11799, "fields": {"station": 1224, "type_maa": "VA", "seuil": 1.0, "auto": false, "pause": 2, "scan": 12, "profondeur": 12}}, {"model": "core.configmaa", "pk": 11800, "fields": {"station": 1225, "type_maa": "TS", "seuil": 1.0, "auto": true, "pause": 2, "scan": 3, "profondeur": 12}}, {"model": "core.configmaa", "pk": 11801, "fields": {"station": 1225, "type_maa": "GR", "seuil": 1.0, "auto": true, "pause": 2, "scan": 3, "profondeur": 12}}, {"model": "core.configmaa", "pk": 11802, "fields": {"station": 1225, "type_maa": "VENT", "seuil": 35.0, "auto": true, "pause": 2, "scan": 12, "profondeur": 12}}, {"model": "core.configmaa", "pk": 11803, "fields": {"station": 1225, "type_maa": "SN", "seuil": 1.0, "auto": false, "pause": 2, "scan": 12, "profondeur": 12}}, {"model": "core.configmaa", "pk": 11804, "fields": {"station": 1225, "type_maa": "FZRA", "seuil": 1.0, "auto": true, "pause": 2, "scan": 12, "profondeur": 12}}, {"model": "core.configmaa", "pk": 11805, "fields": {"station": 1225, "type_maa": "FZDZ", "seuil": 1.0, "auto": true, "pause": 2, "scan": 12, "profondeur": 12}}, {"model": "core.configmaa", "pk": 11806, "fields": {"station": 1225, "type_maa": "RIME", "seuil": 1.0, "auto": false, "pause": 2, "scan": 12, "profondeur": 12}}, {"model": "core.configmaa", "pk": 11807, "fields": {"station": 1225, "type_maa": "FWID", "seuil": 1.0, "auto": false, "pause": 2, "scan": 12, "profondeur": 12}}, {"model": "core.configmaa", "pk": 11808, "fields": {"station": 1225, "type_maa": "FWOID", "seuil": 1.0, "auto": true, "pause": 2, "scan": 12, "profondeur": 12}}, {"model": "core.configmaa", "pk": 11809, "fields": {"station": 1226, "type_maa": "TS", "seuil": 1.0, "auto": true, "pause": 2, "scan": 3, "profondeur": 12}}, {"model": "core.configmaa", "pk": 11810, "fields": {"station": 1226, "type_maa": "GR", "seuil": 1.0, "auto": true, "pause": 2, "scan": 3, "profondeur": 12}}, {"model": "core.configmaa", "pk": 11811, "fields": {"station": 1226, "type_maa": "SQ", "seuil": 1.0, "auto": true, "pause": 2, "scan": 12, "profondeur": 12}}, {"model": "core.configmaa", "pk": 11812, "fields": {"station": 1226, "type_maa": "VENT_MOY", "seuil": 32.4, "auto": true, "pause": 2, "scan": 12, "profondeur": 12}}, {"model": "core.configmaa", "pk": 11813, "fields": {"station": 1226, "type_maa": "VENT", "seuil": 54.0, "auto": true, "pause": 2, "scan": 12, "profondeur": 12}}, {"model": "core.configmaa", "pk": 11814, "fields": {"station": 1226, "type_maa": "RR24", "seuil": 40.0, "auto": true, "pause": 2, "scan": 12, "profondeur": 12}}, {"model": "core.configmaa", "pk": 11815, "fields": {"station": 1226, "type_maa": "SN", "seuil": 1.0, "auto": false, "pause": 2, "scan": 12, "profondeur": 12}}, {"model": "core.configmaa", "pk": 11816, "fields": {"station": 1226, "type_maa": "FZRA", "seuil": 1.0, "auto": true, "pause": 2, "scan": 12, "profondeur": 12}}, {"model": "core.configmaa", "pk": 11817, "fields": {"station": 1226, "type_maa": "FZDZ", "seuil": 1.0, "auto": true, "pause": 2, "scan": 12, "profondeur": 12}}, {"model": "core.configmaa", "pk": 11818, "fields": {"station": 1226, "type_maa": "RIME", "seuil": 1.0, "auto": false, "pause": 2, "scan": 12, "profondeur": 12}}, {"model": "core.configmaa", "pk": 11819, "fields": {"station": 1226, "type_maa": "FG", "seuil": 1.0, "auto": true, "pause": 2, "scan": 12, "profondeur": 12}}, {"model": "core.configmaa", "pk": 11820, "fields": {"station": 1226, "type_maa": "FZFG", "seuil": 1.0, "auto": true, "pause": 2, "scan": 12, "profondeur": 12}}, {"model": "core.configmaa", "pk": 11821, "fields": {"station": 1226, "type_maa": "FWID", "seuil": 1.0, "auto": false, "pause": 2, "scan": 12, "profondeur": 12}}, {"model": "core.configmaa", "pk": 11822, "fields": {"station": 1226, "type_maa": "SA", "seuil": 1.0, "auto": false, "pause": 2, "scan": 12, "profondeur": 12}}, {"model": "core.configmaa", "pk": 11823, "fields": {"station": 1226, "type_maa": "DU", "seuil": 1.0, "auto": false, "pause": 2, "scan": 12, "profondeur": 12}}, {"model": "core.configmaa", "pk": 11824, "fields": {"station": 1227, "type_maa": "TS", "seuil": 1.0, "auto": true, "pause": 2, "scan": 3, "profondeur": 12}}, {"model": "core.configmaa", "pk": 11825, "fields": {"station": 1227, "type_maa": "VENT", "seuil": 43.2, "auto": true, "pause": 2, "scan": 12, "profondeur": 12}}, {"model": "core.configmaa", "pk": 11826, "fields": {"station": 1227, "type_maa": "SN", "seuil": 1.0, "auto": false, "pause": 2, "scan": 12, "profondeur": 12}}, {"model": "core.configmaa", "pk": 11827, "fields": {"station": 1227, "type_maa": "FZRA", "seuil": 1.0, "auto": true, "pause": 2, "scan": 12, "profondeur": 12}}, {"model": "core.configmaa", "pk": 11828, "fields": {"station": 1227, "type_maa": "FZDZ", "seuil": 1.0, "auto": true, "pause": 2, "scan": 12, "profondeur": 12}}, {"model": "core.configmaa", "pk": 11829, "fields": {"station": 1227, "type_maa": "FWID", "seuil": 1.0, "auto": false, "pause": 2, "scan": 12, "profondeur": 12}}, {"model": "core.configmaa", "pk": 11830, "fields": {"station": 1228, "type_maa": "TS", "seuil": 1.0, "auto": true, "pause": 2, "scan": 3, "profondeur": 12}}, {"model": "core.configmaa", "pk": 11831, "fields": {"station": 1228, "type_maa": "GR", "seuil": 1.0, "auto": true, "pause": 2, "scan": 3, "profondeur": 12}}, {"model": "core.configmaa", "pk": 11832, "fields": {"station": 1228, "type_maa": "VENT", "seuil": 43.2, "auto": true, "pause": 2, "scan": 12, "profondeur": 12}}, {"model": "core.configmaa", "pk": 11833, "fields": {"station": 1228, "type_maa": "SN", "seuil": 1.0, "auto": false, "pause": 2, "scan": 12, "profondeur": 12}}, {"model": "core.configmaa", "pk": 11834, "fields": {"station": 1228, "type_maa": "FZRA", "seuil": 1.0, "auto": true, "pause": 2, "scan": 12, "profondeur": 12}}, {"model": "core.configmaa", "pk": 11835, "fields": {"station": 1228, "type_maa": "FZDZ", "seuil": 1.0, "auto": true, "pause": 2, "scan": 12, "profondeur": 12}}, {"model": "core.configmaa", "pk": 11836, "fields": {"station": 1228, "type_maa": "FZFG", "seuil": 1.0, "auto": true, "pause": 2, "scan": 12, "profondeur": 12}}, {"model": "core.configmaa", "pk": 11837, "fields": {"station": 1228, "type_maa": "FWID", "seuil": 1.0, "auto": false, "pause": 2, "scan": 12, "profondeur": 12}}, {"model": "core.configmaa", "pk": 11838, "fields": {"station": 1228, "type_maa": "TMIN", "seuil": 0.0, "auto": false, "pause": 2, "scan": 12, "profondeur": 12}}, {"model": "core.configmaa", "pk": 11839, "fields": {"station": 1228, "type_maa": "TMIN", "seuil": -5.0, "auto": false, "pause": 2, "scan": 12, "profondeur": 12}}, {"model": "core.configmaa", "pk": 11840, "fields": {"station": 1229, "type_maa": "TS", "seuil": 1.0, "auto": false, "pause": 2, "scan": 3, "profondeur": 12}}, {"model": "core.configmaa", "pk": 11841, "fields": {"station": 1229, "type_maa": "GR", "seuil": 1.0, "auto": false, "pause": 2, "scan": 3, "profondeur": 12}}, {"model": "core.configmaa", "pk": 11842, "fields": {"station": 1229, "type_maa": "VENT", "seuil": 43.2, "auto": false, "pause": 2, "scan": 12, "profondeur": 12}}, {"model": "core.configmaa", "pk": 11843, "fields": {"station": 1229, "type_maa": "SN", "seuil": 1.0, "auto": false, "pause": 2, "scan": 12, "profondeur": 12}}, {"model": "core.configmaa", "pk": 11844, "fields": {"station": 1229, "type_maa": "FZRA", "seuil": 1.0, "auto": false, "pause": 2, "scan": 12, "profondeur": 12}}, {"model": "core.configmaa", "pk": 11845, "fields": {"station": 1229, "type_maa": "FZDZ", "seuil": 1.0, "auto": false, "pause": 2, "scan": 12, "profondeur": 12}}, {"model": "core.configmaa", "pk": 11846, "fields": {"station": 1229, "type_maa": "FZFG", "seuil": 1.0, "auto": false, "pause": 2, "scan": 12, "profondeur": 12}}, {"model": "core.configmaa", "pk": 11847, "fields": {"station": 1229, "type_maa": "FWID", "seuil": 1.0, "auto": false, "pause": 2, "scan": 12, "profondeur": 12}}, {"model": "core.configmaa", "pk": 11848, "fields": {"station": 1230, "type_maa": "TS", "seuil": 1.0, "auto": true, "pause": 2, "scan": 3, "profondeur": 12}}, {"model": "core.configmaa", "pk": 11849, "fields": {"station": 1230, "type_maa": "VENT", "seuil": 43.2, "auto": true, "pause": 2, "scan": 12, "profondeur": 12}}, {"model": "core.configmaa", "pk": 11850, "fields": {"station": 1230, "type_maa": "SN", "seuil": 1.0, "auto": false, "pause": 2, "scan": 12, "profondeur": 12}}, {"model": "core.configmaa", "pk": 11851, "fields": {"station": 1230, "type_maa": "FZRA", "seuil": 1.0, "auto": true, "pause": 2, "scan": 12, "profondeur": 12}}, {"model": "core.configmaa", "pk": 11852, "fields": {"station": 1230, "type_maa": "FZDZ", "seuil": 1.0, "auto": true, "pause": 2, "scan": 12, "profondeur": 12}}, {"model": "core.configmaa", "pk": 11853, "fields": {"station": 1230, "type_maa": "FWID", "seuil": 1.0, "auto": false, "pause": 2, "scan": 12, "profondeur": 12}}, {"model": "core.configmaa", "pk": 11854, "fields": {"station": 1231, "type_maa": "TS", "seuil": 1.0, "auto": true, "pause": 2, "scan": 3, "profondeur": 12}}, {"model": "core.configmaa", "pk": 11855, "fields": {"station": 1231, "type_maa": "GR", "seuil": 1.0, "auto": true, "pause": 2, "scan": 3, "profondeur": 12}}, {"model": "core.configmaa", "pk": 11856, "fields": {"station": 1231, "type_maa": "VENT", "seuil": 43.2, "auto": true, "pause": 2, "scan": 12, "profondeur": 12}}, {"model": "core.configmaa", "pk": 11857, "fields": {"station": 1231, "type_maa": "SN", "seuil": 1.0, "auto": false, "pause": 2, "scan": 12, "profondeur": 12}}, {"model": "core.configmaa", "pk": 11858, "fields": {"station": 1231, "type_maa": "FZRA", "seuil": 1.0, "auto": true, "pause": 2, "scan": 12, "profondeur": 12}}, {"model": "core.configmaa", "pk": 11859, "fields": {"station": 1231, "type_maa": "FZDZ", "seuil": 1.0, "auto": true, "pause": 2, "scan": 12, "profondeur": 12}}, {"model": "core.configmaa", "pk": 11860, "fields": {"station": 1231, "type_maa": "FZFG", "seuil": 1.0, "auto": true, "pause": 2, "scan": 12, "profondeur": 12}}, {"model": "core.configmaa", "pk": 11861, "fields": {"station": 1231, "type_maa": "FWID", "seuil": 1.0, "auto": false, "pause": 2, "scan": 12, "profondeur": 12}}, {"model": "core.configmaa", "pk": 11862, "fields": {"station": 1232, "type_maa": "TS", "seuil": 1.0, "auto": true, "pause": 2, "scan": 3, "profondeur": 12}}, {"model": "core.configmaa", "pk": 11863, "fields": {"station": 1232, "type_maa": "SN", "seuil": 1.0, "auto": false, "pause": 2, "scan": 12, "profondeur": 12}}, {"model": "core.configmaa", "pk": 11864, "fields": {"station": 1232, "type_maa": "FZFG", "seuil": 1.0, "auto": true, "pause": 2, "scan": 12, "profondeur": 12}}, {"model": "core.configmaa", "pk": 11865, "fields": {"station": 1232, "type_maa": "TMIN", "seuil": 0.0, "auto": true, "pause": 2, "scan": 12, "profondeur": 12}}, {"model": "core.configmaa", "pk": 11866, "fields": {"station": 1233, "type_maa": "TS", "seuil": 1.0, "auto": true, "pause": 2, "scan": 3, "profondeur": 12}}, {"model": "core.configmaa", "pk": 11867, "fields": {"station": 1233, "type_maa": "GR", "seuil": 1.0, "auto": true, "pause": 2, "scan": 3, "profondeur": 12}}, {"model": "core.configmaa", "pk": 11868, "fields": {"station": 1233, "type_maa": "SN", "seuil": 1.0, "auto": false, "pause": 2, "scan": 12, "profondeur": 12}}, {"model": "core.configmaa", "pk": 11869, "fields": {"station": 1233, "type_maa": "FZRA", "seuil": 1.0, "auto": false, "pause": 2, "scan": 12, "profondeur": 12}}, {"model": "core.configmaa", "pk": 11870, "fields": {"station": 1233, "type_maa": "FZDZ", "seuil": 1.0, "auto": false, "pause": 2, "scan": 12, "profondeur": 12}}, {"model": "core.configmaa", "pk": 11871, "fields": {"station": 1233, "type_maa": "RIME", "seuil": 1.0, "auto": false, "pause": 2, "scan": 12, "profondeur": 12}}, {"model": "core.configmaa", "pk": 11872, "fields": {"station": 1233, "type_maa": "FZFG", "seuil": 1.0, "auto": true, "pause": 2, "scan": 12, "profondeur": 12}}, {"model": "core.configmaa", "pk": 11873, "fields": {"station": 1233, "type_maa": "FWID", "seuil": 1.0, "auto": false, "pause": 2, "scan": 12, "profondeur": 12}}, {"model": "core.configmaa", "pk": 11874, "fields": {"station": 1234, "type_maa": "TS", "seuil": 1.0, "auto": true, "pause": 2, "scan": 3, "profondeur": 12}}, {"model": "core.configmaa", "pk": 11875, "fields": {"station": 1234, "type_maa": "GR", "seuil": 1.0, "auto": true, "pause": 2, "scan": 3, "profondeur": 12}}, {"model": "core.configmaa", "pk": 11876, "fields": {"station": 1234, "type_maa": "VENT", "seuil": 43.2, "auto": true, "pause": 2, "scan": 12, "profondeur": 12}}, {"model": "core.configmaa", "pk": 11877, "fields": {"station": 1234, "type_maa": "SN", "seuil": 1.0, "auto": false, "pause": 2, "scan": 12, "profondeur": 12}}, {"model": "core.configmaa", "pk": 11878, "fields": {"station": 1234, "type_maa": "FZRA", "seuil": 1.0, "auto": true, "pause": 2, "scan": 12, "profondeur": 12}}, {"model": "core.configmaa", "pk": 11879, "fields": {"station": 1234, "type_maa": "FZDZ", "seuil": 1.0, "auto": true, "pause": 2, "scan": 12, "profondeur": 12}}, {"model": "core.configmaa", "pk": 11880, "fields": {"station": 1234, "type_maa": "FZFG", "seuil": 1.0, "auto": true, "pause": 2, "scan": 12, "profondeur": 12}}, {"model": "core.configmaa", "pk": 11881, "fields": {"station": 1234, "type_maa": "FWID", "seuil": 1.0, "auto": false, "pause": 2, "scan": 12, "profondeur": 12}}, {"model": "core.configmaa", "pk": 11882, "fields": {"station": 1235, "type_maa": "TS", "seuil": 1.0, "auto": true, "pause": 2, "scan": 3, "profondeur": 12}}, {"model": "core.configmaa", "pk": 11883, "fields": {"station": 1235, "type_maa": "VENT_MOY", "seuil": 20.0, "auto": true, "pause": 2, "scan": 12, "profondeur": 12}}, {"model": "core.configmaa", "pk": 11884, "fields": {"station": 1235, "type_maa": "VENT", "seuil": 54.0, "auto": true, "pause": 2, "scan": 12, "profondeur": 12}}, {"model": "core.configmaa", "pk": 11885, "fields": {"station": 1235, "type_maa": "RR6", "seuil": 20.0, "auto": true, "pause": 2, "scan": 12, "profondeur": 12}}, {"model": "core.configmaa", "pk": 11886, "fields": {"station": 1235, "type_maa": "RR24", "seuil": 40.0, "auto": true, "pause": 2, "scan": 12, "profondeur": 12}}, {"model": "core.configmaa", "pk": 11887, "fields": {"station": 1235, "type_maa": "SN", "seuil": 1.0, "auto": false, "pause": 2, "scan": 12, "profondeur": 12}}, {"model": "core.configmaa", "pk": 11888, "fields": {"station": 1235, "type_maa": "FZRA", "seuil": 1.0, "auto": true, "pause": 2, "scan": 12, "profondeur": 12}}, {"model": "core.configmaa", "pk": 11889, "fields": {"station": 1235, "type_maa": "FZDZ", "seuil": 1.0, "auto": true, "pause": 2, "scan": 12, "profondeur": 12}}, {"model": "core.configmaa", "pk": 11890, "fields": {"station": 1235, "type_maa": "FG", "seuil": 1.0, "auto": true, "pause": 2, "scan": 12, "profondeur": 12}}, {"model": "core.configmaa", "pk": 11891, "fields": {"station": 1236, "type_maa": "TS", "seuil": 1.0, "auto": true, "pause": 2, "scan": 3, "profondeur": 12}}, {"model": "core.configmaa", "pk": 11892, "fields": {"station": 1236, "type_maa": "GR", "seuil": 1.0, "auto": true, "pause": 2, "scan": 3, "profondeur": 12}}, {"model": "core.configmaa", "pk": 11893, "fields": {"station": 1236, "type_maa": "SQ", "seuil": 1.0, "auto": true, "pause": 2, "scan": 12, "profondeur": 12}}, {"model": "core.configmaa", "pk": 11894, "fields": {"station": 1236, "type_maa": "VENT", "seuil": 35.0, "auto": true, "pause": 2, "scan": 12, "profondeur": 12}}, {"model": "core.configmaa", "pk": 11895, "fields": {"station": 1236, "type_maa": "SN", "seuil": 1.0, "auto": false, "pause": 2, "scan": 12, "profondeur": 12}}, {"model": "core.configmaa", "pk": 11896, "fields": {"station": 1236, "type_maa": "FZRA", "seuil": 1.0, "auto": true, "pause": 2, "scan": 12, "profondeur": 12}}, {"model": "core.configmaa", "pk": 11897, "fields": {"station": 1236, "type_maa": "FZDZ", "seuil": 1.0, "auto": true, "pause": 2, "scan": 12, "profondeur": 12}}, {"model": "core.configmaa", "pk": 11898, "fields": {"station": 1236, "type_maa": "FZFG", "seuil": 1.0, "auto": true, "pause": 2, "scan": 12, "profondeur": 12}}, {"model": "core.configmaa", "pk": 11899, "fields": {"station": 1236, "type_maa": "FWID", "seuil": 1.0, "auto": false, "pause": 2, "scan": 12, "profondeur": 12}}, {"model": "core.configmaa", "pk": 11900, "fields": {"station": 1237, "type_maa": "TS", "seuil": 1.0, "auto": true, "pause": 2, "scan": 3, "profondeur": 12}}, {"model": "core.configmaa", "pk": 11901, "fields": {"station": 1237, "type_maa": "GR", "seuil": 1.0, "auto": true, "pause": 2, "scan": 3, "profondeur": 12}}, {"model": "core.configmaa", "pk": 11902, "fields": {"station": 1237, "type_maa": "SQ", "seuil": 1.0, "auto": true, "pause": 2, "scan": 12, "profondeur": 12}}, {"model": "core.configmaa", "pk": 11903, "fields": {"station": 1237, "type_maa": "VENT_MOY", "seuil": 32.4, "auto": true, "pause": 2, "scan": 12, "profondeur": 12}}, {"model": "core.configmaa", "pk": 11904, "fields": {"station": 1237, "type_maa": "VENT", "seuil": 55.0, "auto": true, "pause": 2, "scan": 12, "profondeur": 12}}, {"model": "core.configmaa", "pk": 11905, "fields": {"station": 1237, "type_maa": "SN", "seuil": 1.0, "auto": false, "pause": 2, "scan": 12, "profondeur": 12}}, {"model": "core.configmaa", "pk": 11906, "fields": {"station": 1237, "type_maa": "FZRA", "seuil": 1.0, "auto": true, "pause": 2, "scan": 12, "profondeur": 12}}, {"model": "core.configmaa", "pk": 11907, "fields": {"station": 1237, "type_maa": "FZDZ", "seuil": 1.0, "auto": true, "pause": 2, "scan": 12, "profondeur": 12}}, {"model": "core.configmaa", "pk": 11908, "fields": {"station": 1237, "type_maa": "RIME", "seuil": 1.0, "auto": false, "pause": 2, "scan": 12, "profondeur": 12}}, {"model": "core.configmaa", "pk": 11909, "fields": {"station": 1237, "type_maa": "FWID", "seuil": 1.0, "auto": false, "pause": 2, "scan": 12, "profondeur": 12}}, {"model": "core.configmaa", "pk": 11910, "fields": {"station": 1237, "type_maa": "FWOID", "seuil": 1.0, "auto": true, "pause": 2, "scan": 12, "profondeur": 12}}, {"model": "core.configmaa", "pk": 11911, "fields": {"station": 1238, "type_maa": "TS", "seuil": 1.0, "auto": true, "pause": 2, "scan": 3, "profondeur": 12}}, {"model": "core.configmaa", "pk": 11912, "fields": {"station": 1238, "type_maa": "VENT_MOY", "seuil": 30.0, "auto": true, "pause": 2, "scan": 12, "profondeur": 12}}, {"model": "core.configmaa", "pk": 11913, "fields": {"station": 1238, "type_maa": "VENT", "seuil": 50.0, "auto": true, "pause": 2, "scan": 12, "profondeur": 12}}, {"model": "core.configmaa", "pk": 11914, "fields": {"station": 1238, "type_maa": "RR24", "seuil": 30.0, "auto": true, "pause": 2, "scan": 12, "profondeur": 12}}, {"model": "core.configmaa", "pk": 11915, "fields": {"station": 1238, "type_maa": "SN", "seuil": 1.0, "auto": false, "pause": 2, "scan": 12, "profondeur": 12}}, {"model": "core.configmaa", "pk": 11916, "fields": {"station": 1238, "type_maa": "FZRA", "seuil": 1.0, "auto": true, "pause": 2, "scan": 12, "profondeur": 12}}, {"model": "core.configmaa", "pk": 11917, "fields": {"station": 1238, "type_maa": "FZDZ", "seuil": 1.0, "auto": true, "pause": 2, "scan": 12, "profondeur": 12}}, {"model": "core.configmaa", "pk": 11918, "fields": {"station": 1238, "type_maa": "FG", "seuil": 1.0, "auto": true, "pause": 2, "scan": 12, "profondeur": 12}}, {"model": "core.configmaa", "pk": 11919, "fields": {"station": 1238, "type_maa": "FZFG", "seuil": 1.0, "auto": true, "pause": 2, "scan": 12, "profondeur": 12}}, {"model": "core.configmaa", "pk": 11920, "fields": {"station": 1238, "type_maa": "FWID", "seuil": 1.0, "auto": false, "pause": 2, "scan": 12, "profondeur": 12}}, {"model": "core.configmaa", "pk": 11921, "fields": {"station": 1239, "type_maa": "TS", "seuil": 1.0, "auto": false, "pause": 2, "scan": 3, "profondeur": 12}}, {"model": "core.configmaa", "pk": 11922, "fields": {"station": 1239, "type_maa": "GR", "seuil": 1.0, "auto": false, "pause": 2, "scan": 3, "profondeur": 12}}, {"model": "core.configmaa", "pk": 11923, "fields": {"station": 1239, "type_maa": "SQ", "seuil": 1.0, "auto": false, "pause": 2, "scan": 12, "profondeur": 12}}, {"model": "core.configmaa", "pk": 11924, "fields": {"station": 1239, "type_maa": "VENT_MOY", "seuil": 25.0, "auto": false, "pause": 2, "scan": 12, "profondeur": 12}}, {"model": "core.configmaa", "pk": 11925, "fields": {"station": 1239, "type_maa": "VENT", "seuil": 40.0, "auto": false, "pause": 2, "scan": 12, "profondeur": 12}}, {"model": "core.configmaa", "pk": 11926, "fields": {"station": 1239, "type_maa": "RR3", "seuil": 20.0, "auto": false, "pause": 2, "scan": 12, "profondeur": 12}}, {"model": "core.configmaa", "pk": 11927, "fields": {"station": 1239, "type_maa": "RR6", "seuil": 30.0, "auto": false, "pause": 2, "scan": 12, "profondeur": 12}}, {"model": "core.configmaa", "pk": 11928, "fields": {"station": 1239, "type_maa": "SN", "seuil": 1.0, "auto": false, "pause": 2, "scan": 12, "profondeur": 12}}, {"model": "core.configmaa", "pk": 11929, "fields": {"station": 1239, "type_maa": "FZRA", "seuil": 1.0, "auto": false, "pause": 2, "scan": 12, "profondeur": 12}}, {"model": "core.configmaa", "pk": 11930, "fields": {"station": 1239, "type_maa": "FZDZ", "seuil": 1.0, "auto": false, "pause": 2, "scan": 12, "profondeur": 12}}, {"model": "core.configmaa", "pk": 11931, "fields": {"station": 1239, "type_maa": "RIME", "seuil": 1.0, "auto": false, "pause": 2, "scan": 12, "profondeur": 12}}, {"model": "core.configmaa", "pk": 11932, "fields": {"station": 1239, "type_maa": "FG", "seuil": 1.0, "auto": false, "pause": 2, "scan": 12, "profondeur": 12}}, {"model": "core.configmaa", "pk": 11933, "fields": {"station": 1239, "type_maa": "FZFG", "seuil": 1.0, "auto": false, "pause": 2, "scan": 12, "profondeur": 12}}, {"model": "core.configmaa", "pk": 11934, "fields": {"station": 1239, "type_maa": "FWOID", "seuil": 1.0, "auto": false, "pause": 2, "scan": 12, "profondeur": 12}}, {"model": "core.configmaa", "pk": 11935, "fields": {"station": 1239, "type_maa": "SEA", "seuil": 1.0, "auto": false, "pause": 2, "scan": 12, "profondeur": 12}}, {"model": "core.configmaa", "pk": 11936, "fields": {"station": 1240, "type_maa": "TS", "seuil": 1.0, "auto": true, "pause": 2, "scan": 3, "profondeur": 12}}, {"model": "core.configmaa", "pk": 11937, "fields": {"station": 1240, "type_maa": "GR", "seuil": 1.0, "auto": true, "pause": 2, "scan": 3, "profondeur": 12}}, {"model": "core.configmaa", "pk": 11938, "fields": {"station": 1240, "type_maa": "SQ", "seuil": 1.0, "auto": true, "pause": 2, "scan": 12, "profondeur": 12}}, {"model": "core.configmaa", "pk": 11939, "fields": {"station": 1240, "type_maa": "VENT", "seuil": 35.0, "auto": true, "pause": 2, "scan": 12, "profondeur": 12}}, {"model": "core.configmaa", "pk": 11940, "fields": {"station": 1240, "type_maa": "SN", "seuil": 1.0, "auto": false, "pause": 2, "scan": 12, "profondeur": 12}}, {"model": "core.configmaa", "pk": 11941, "fields": {"station": 1240, "type_maa": "FZRA", "seuil": 1.0, "auto": true, "pause": 2, "scan": 12, "profondeur": 12}}, {"model": "core.configmaa", "pk": 11942, "fields": {"station": 1240, "type_maa": "FZDZ", "seuil": 1.0, "auto": true, "pause": 2, "scan": 12, "profondeur": 12}}, {"model": "core.configmaa", "pk": 11943, "fields": {"station": 1240, "type_maa": "RIME", "seuil": 1.0, "auto": false, "pause": 2, "scan": 12, "profondeur": 12}}, {"model": "core.configmaa", "pk": 11944, "fields": {"station": 1240, "type_maa": "FWID", "seuil": 1.0, "auto": false, "pause": 2, "scan": 12, "profondeur": 12}}, {"model": "core.configmaa", "pk": 11945, "fields": {"station": 1240, "type_maa": "TMIN", "seuil": -10.0, "auto": true, "pause": 2, "scan": 12, "profondeur": 12}}, {"model": "core.configmaa", "pk": 11946, "fields": {"station": 1240, "type_maa": "TMAX", "seuil": 37.0, "auto": true, "pause": 2, "scan": 12, "profondeur": 12}}, {"model": "core.configmaa", "pk": 11947, "fields": {"station": 1241, "type_maa": "TS", "seuil": 1.0, "auto": true, "pause": 2, "scan": 3, "profondeur": 12}}, {"model": "core.configmaa", "pk": 11948, "fields": {"station": 1241, "type_maa": "GR", "seuil": 1.0, "auto": true, "pause": 2, "scan": 3, "profondeur": 12}}, {"model": "core.configmaa", "pk": 11949, "fields": {"station": 1241, "type_maa": "VENT_MOY", "seuil": 35.0, "auto": true, "pause": 2, "scan": 12, "profondeur": 12}}, {"model": "core.configmaa", "pk": 11950, "fields": {"station": 1241, "type_maa": "VENT", "seuil": 40.0, "auto": true, "pause": 2, "scan": 12, "profondeur": 12}}, {"model": "core.configmaa", "pk": 11951, "fields": {"station": 1241, "type_maa": "RR3", "seuil": 60.0, "auto": true, "pause": 2, "scan": 12, "profondeur": 12}}, {"model": "core.configmaa", "pk": 11952, "fields": {"station": 1241, "type_maa": "RR6", "seuil": 80.0, "auto": true, "pause": 2, "scan": 12, "profondeur": 12}}, {"model": "core.configmaa", "pk": 11953, "fields": {"station": 1241, "type_maa": "SN", "seuil": 1.0, "auto": false, "pause": 2, "scan": 12, "profondeur": 12}}, {"model": "core.configmaa", "pk": 11954, "fields": {"station": 1241, "type_maa": "FZRA", "seuil": 1.0, "auto": true, "pause": 2, "scan": 12, "profondeur": 12}}, {"model": "core.configmaa", "pk": 11955, "fields": {"station": 1241, "type_maa": "FZDZ", "seuil": 1.0, "auto": true, "pause": 2, "scan": 12, "profondeur": 12}}, {"model": "core.configmaa", "pk": 11956, "fields": {"station": 1241, "type_maa": "RIME", "seuil": 1.0, "auto": false, "pause": 2, "scan": 12, "profondeur": 12}}, {"model": "core.configmaa", "pk": 11957, "fields": {"station": 1241, "type_maa": "FWID", "seuil": 1.0, "auto": false, "pause": 2, "scan": 12, "profondeur": 12}}, {"model": "core.configmaa", "pk": 11958, "fields": {"station": 1241, "type_maa": "TMIN", "seuil": -6.0, "auto": true, "pause": 2, "scan": 12, "profondeur": 12}}, {"model": "core.configmaa", "pk": 11959, "fields": {"station": 1242, "type_maa": "TS", "seuil": 1.0, "auto": true, "pause": 2, "scan": 3, "profondeur": 12}}, {"model": "core.configmaa", "pk": 11960, "fields": {"station": 1242, "type_maa": "GR", "seuil": 1.0, "auto": true, "pause": 2, "scan": 3, "profondeur": 12}}, {"model": "core.configmaa", "pk": 11961, "fields": {"station": 1242, "type_maa": "VENT_MOY", "seuil": 35.0, "auto": true, "pause": 2, "scan": 12, "profondeur": 12}}, {"model": "core.configmaa", "pk": 11962, "fields": {"station": 1242, "type_maa": "VENT", "seuil": 55.0, "auto": true, "pause": 2, "scan": 12, "profondeur": 12}}, {"model": "core.configmaa", "pk": 11963, "fields": {"station": 1242, "type_maa": "RR3", "seuil": 60.0, "auto": true, "pause": 2, "scan": 12, "profondeur": 12}}, {"model": "core.configmaa", "pk": 11964, "fields": {"station": 1242, "type_maa": "RR6", "seuil": 80.0, "auto": true, "pause": 2, "scan": 12, "profondeur": 12}}, {"model": "core.configmaa", "pk": 11965, "fields": {"station": 1242, "type_maa": "SN", "seuil": 1.0, "auto": false, "pause": 2, "scan": 12, "profondeur": 12}}, {"model": "core.configmaa", "pk": 11966, "fields": {"station": 1242, "type_maa": "FZRA", "seuil": 1.0, "auto": true, "pause": 2, "scan": 12, "profondeur": 12}}, {"model": "core.configmaa", "pk": 11967, "fields": {"station": 1242, "type_maa": "FZDZ", "seuil": 1.0, "auto": true, "pause": 2, "scan": 12, "profondeur": 12}}, {"model": "core.configmaa", "pk": 11968, "fields": {"station": 1242, "type_maa": "FWID", "seuil": 1.0, "auto": false, "pause": 2, "scan": 12, "profondeur": 12}}, {"model": "core.configmaa", "pk": 11969, "fields": {"station": 1242, "type_maa": "TMIN", "seuil": -10.0, "auto": true, "pause": 2, "scan": 12, "profondeur": 12}}, {"model": "core.configmaa", "pk": 11970, "fields": {"station": 1243, "type_maa": "TS", "seuil": 1.0, "auto": true, "pause": 2, "scan": 3, "profondeur": 12}}, {"model": "core.configmaa", "pk": 11971, "fields": {"station": 1243, "type_maa": "GR", "seuil": 1.0, "auto": true, "pause": 2, "scan": 3, "profondeur": 12}}, {"model": "core.configmaa", "pk": 11972, "fields": {"station": 1243, "type_maa": "SQ", "seuil": 1.0, "auto": true, "pause": 2, "scan": 12, "profondeur": 12}}, {"model": "core.configmaa", "pk": 11973, "fields": {"station": 1243, "type_maa": "VENT_MOY", "seuil": 35.0, "auto": true, "pause": 2, "scan": 12, "profondeur": 12}}, {"model": "core.configmaa", "pk": 11974, "fields": {"station": 1243, "type_maa": "VENT", "seuil": 50.0, "auto": true, "pause": 2, "scan": 12, "profondeur": 12}}, {"model": "core.configmaa", "pk": 11975, "fields": {"station": 1243, "type_maa": "SN", "seuil": 1.0, "auto": false, "pause": 2, "scan": 12, "profondeur": 12}}, {"model": "core.configmaa", "pk": 11976, "fields": {"station": 1244, "type_maa": "TS", "seuil": 1.0, "auto": true, "pause": 2, "scan": 3, "profondeur": 12}}, {"model": "core.configmaa", "pk": 11977, "fields": {"station": 1244, "type_maa": "GR", "seuil": 1.0, "auto": true, "pause": 2, "scan": 3, "profondeur": 12}}, {"model": "core.configmaa", "pk": 11978, "fields": {"station": 1244, "type_maa": "SN", "seuil": 1.0, "auto": false, "pause": 2, "scan": 12, "profondeur": 12}}, {"model": "core.configmaa", "pk": 11979, "fields": {"station": 1244, "type_maa": "FZRA", "seuil": 1.0, "auto": true, "pause": 2, "scan": 12, "profondeur": 12}}, {"model": "core.configmaa", "pk": 11980, "fields": {"station": 1244, "type_maa": "FZDZ", "seuil": 1.0, "auto": true, "pause": 2, "scan": 12, "profondeur": 12}}, {"model": "core.configmaa", "pk": 11981, "fields": {"station": 1244, "type_maa": "RIME", "seuil": 1.0, "auto": false, "pause": 2, "scan": 12, "profondeur": 12}}, {"model": "core.configmaa", "pk": 11982, "fields": {"station": 1244, "type_maa": "FZFG", "seuil": 1.0, "auto": true, "pause": 2, "scan": 12, "profondeur": 12}}, {"model": "core.configmaa", "pk": 11983, "fields": {"station": 1244, "type_maa": "FWID", "seuil": 1.0, "auto": false, "pause": 2, "scan": 12, "profondeur": 12}}, {"model": "core.configmaa", "pk": 11984, "fields": {"station": 1244, "type_maa": "FWOID", "seuil": 1.0, "auto": false, "pause": 2, "scan": 12, "profondeur": 12}}, {"model": "core.configmaa", "pk": 11985, "fields": {"station": 1245, "type_maa": "TS", "seuil": 1.0, "auto": true, "pause": 2, "scan": 3, "profondeur": 12}}, {"model": "core.configmaa", "pk": 11986, "fields": {"station": 1245, "type_maa": "GR", "seuil": 1.0, "auto": true, "pause": 2, "scan": 3, "profondeur": 12}}, {"model": "core.configmaa", "pk": 11987, "fields": {"station": 1245, "type_maa": "VENT", "seuil": 30.0, "auto": true, "pause": 2, "scan": 12, "profondeur": 12}}, {"model": "core.configmaa", "pk": 11988, "fields": {"station": 1245, "type_maa": "SN", "seuil": 1.0, "auto": false, "pause": 2, "scan": 12, "profondeur": 12}}, {"model": "core.configmaa", "pk": 11989, "fields": {"station": 1245, "type_maa": "FZRA", "seuil": 1.0, "auto": true, "pause": 2, "scan": 12, "profondeur": 12}}, {"model": "core.configmaa", "pk": 11990, "fields": {"station": 1245, "type_maa": "FZDZ", "seuil": 1.0, "auto": true, "pause": 2, "scan": 12, "profondeur": 12}}, {"model": "core.configmaa", "pk": 11991, "fields": {"station": 1245, "type_maa": "FZFG", "seuil": 1.0, "auto": true, "pause": 2, "scan": 12, "profondeur": 12}}, {"model": "core.configmaa", "pk": 11992, "fields": {"station": 1246, "type_maa": "TS", "seuil": 1.0, "auto": true, "pause": 2, "scan": 3, "profondeur": 12}}, {"model": "core.configmaa", "pk": 11993, "fields": {"station": 1246, "type_maa": "GR", "seuil": 1.0, "auto": true, "pause": 2, "scan": 3, "profondeur": 12}}, {"model": "core.configmaa", "pk": 11994, "fields": {"station": 1246, "type_maa": "VENT", "seuil": 30.0, "auto": true, "pause": 2, "scan": 12, "profondeur": 12}}, {"model": "core.configmaa", "pk": 11995, "fields": {"station": 1246, "type_maa": "SN", "seuil": 1.0, "auto": false, "pause": 2, "scan": 12, "profondeur": 12}}, {"model": "core.configmaa", "pk": 11996, "fields": {"station": 1246, "type_maa": "FZRA", "seuil": 1.0, "auto": false, "pause": 2, "scan": 12, "profondeur": 12}}, {"model": "core.configmaa", "pk": 11997, "fields": {"station": 1246, "type_maa": "FZDZ", "seuil": 1.0, "auto": false, "pause": 2, "scan": 12, "profondeur": 12}}, {"model": "core.configmaa", "pk": 11998, "fields": {"station": 1246, "type_maa": "RIME", "seuil": 1.0, "auto": false, "pause": 2, "scan": 12, "profondeur": 12}}, {"model": "core.configmaa", "pk": 11999, "fields": {"station": 1246, "type_maa": "FZFG", "seuil": 1.0, "auto": true, "pause": 2, "scan": 12, "profondeur": 12}}, {"model": "core.configmaa", "pk": 12000, "fields": {"station": 1246, "type_maa": "FWID", "seuil": 1.0, "auto": false, "pause": 2, "scan": 12, "profondeur": 12}}, {"model": "core.configmaa", "pk": 12001, "fields": {"station": 1246, "type_maa": "FWOID", "seuil": 1.0, "auto": true, "pause": 2, "scan": 12, "profondeur": 12}}, {"model": "core.configmaa", "pk": 12002, "fields": {"station": 1249, "type_maa": "TS", "seuil": 1.0, "auto": true, "pause": 2, "scan": 3, "profondeur": 12}}, {"model": "core.configmaa", "pk": 12003, "fields": {"station": 1249, "type_maa": "GR", "seuil": 1.0, "auto": true, "pause": 2, "scan": 3, "profondeur": 12}}, {"model": "core.configmaa", "pk": 12004, "fields": {"station": 1249, "type_maa": "SQ", "seuil": 1.0, "auto": true, "pause": 2, "scan": 12, "profondeur": 12}}, {"model": "core.configmaa", "pk": 12005, "fields": {"station": 1249, "type_maa": "VENT", "seuil": 30.0, "auto": true, "pause": 2, "scan": 12, "profondeur": 12}}, {"model": "core.configmaa", "pk": 12006, "fields": {"station": 1249, "type_maa": "SN", "seuil": 1.0, "auto": false, "pause": 2, "scan": 12, "profondeur": 12}}, {"model": "core.configmaa", "pk": 12007, "fields": {"station": 1249, "type_maa": "FZRA", "seuil": 1.0, "auto": false, "pause": 2, "scan": 12, "profondeur": 12}}, {"model": "core.configmaa", "pk": 12008, "fields": {"station": 1249, "type_maa": "FZDZ", "seuil": 1.0, "auto": false, "pause": 2, "scan": 12, "profondeur": 12}}, {"model": "core.configmaa", "pk": 12009, "fields": {"station": 1249, "type_maa": "FZFG", "seuil": 1.0, "auto": false, "pause": 2, "scan": 12, "profondeur": 12}}, {"model": "core.configmaa", "pk": 12010, "fields": {"station": 1249, "type_maa": "FWID", "seuil": 1.0, "auto": false, "pause": 2, "scan": 12, "profondeur": 12}}, {"model": "core.configmaa", "pk": 12011, "fields": {"station": 1250, "type_maa": "TS", "seuil": 1.0, "auto": false, "pause": 2, "scan": 3, "profondeur": 12}}, {"model": "core.configmaa", "pk": 12012, "fields": {"station": 1250, "type_maa": "GR", "seuil": 1.0, "auto": false, "pause": 2, "scan": 3, "profondeur": 12}}, {"model": "core.configmaa", "pk": 12013, "fields": {"station": 1250, "type_maa": "VENT", "seuil": 30.0, "auto": false, "pause": 2, "scan": 12, "profondeur": 12}}, {"model": "core.configmaa", "pk": 12014, "fields": {"station": 1250, "type_maa": "VENT", "seuil": 45.0, "auto": false, "pause": 2, "scan": 12, "profondeur": 12}}, {"model": "core.configmaa", "pk": 12015, "fields": {"station": 1250, "type_maa": "SN", "seuil": 1.0, "auto": false, "pause": 2, "scan": 12, "profondeur": 12}}, {"model": "core.configmaa", "pk": 12016, "fields": {"station": 1250, "type_maa": "FZRA", "seuil": 1.0, "auto": false, "pause": 2, "scan": 12, "profondeur": 12}}, {"model": "core.configmaa", "pk": 12017, "fields": {"station": 1250, "type_maa": "FZDZ", "seuil": 1.0, "auto": false, "pause": 2, "scan": 12, "profondeur": 12}}, {"model": "core.configmaa", "pk": 12018, "fields": {"station": 1251, "type_maa": "TS", "seuil": 1.0, "auto": true, "pause": 2, "scan": 3, "profondeur": 12}}, {"model": "core.configmaa", "pk": 12019, "fields": {"station": 1251, "type_maa": "GR", "seuil": 1.0, "auto": true, "pause": 2, "scan": 3, "profondeur": 12}}, {"model": "core.configmaa", "pk": 12020, "fields": {"station": 1251, "type_maa": "VENT", "seuil": 30.0, "auto": true, "pause": 2, "scan": 12, "profondeur": 12}}, {"model": "core.configmaa", "pk": 12021, "fields": {"station": 1251, "type_maa": "SN", "seuil": 1.0, "auto": false, "pause": 2, "scan": 12, "profondeur": 12}}, {"model": "core.configmaa", "pk": 12022, "fields": {"station": 1251, "type_maa": "FZRA", "seuil": 1.0, "auto": true, "pause": 2, "scan": 12, "profondeur": 12}}, {"model": "core.configmaa", "pk": 12023, "fields": {"station": 1251, "type_maa": "FZDZ", "seuil": 1.0, "auto": true, "pause": 2, "scan": 12, "profondeur": 12}}, {"model": "core.configmaa", "pk": 12024, "fields": {"station": 1251, "type_maa": "RIME", "seuil": 1.0, "auto": false, "pause": 2, "scan": 12, "profondeur": 12}}, {"model": "core.configmaa", "pk": 12025, "fields": {"station": 1251, "type_maa": "FZFG", "seuil": 1.0, "auto": true, "pause": 2, "scan": 12, "profondeur": 12}}, {"model": "core.configmaa", "pk": 12026, "fields": {"station": 1251, "type_maa": "FWID", "seuil": 1.0, "auto": false, "pause": 2, "scan": 12, "profondeur": 12}}, {"model": "core.configmaa", "pk": 12027, "fields": {"station": 1251, "type_maa": "FWOID", "seuil": 1.0, "auto": false, "pause": 2, "scan": 12, "profondeur": 12}}, {"model": "core.configmaa", "pk": 12028, "fields": {"station": 1252, "type_maa": "TS", "seuil": 1.0, "auto": true, "pause": 2, "scan": 3, "profondeur": 12}}, {"model": "core.configmaa", "pk": 12029, "fields": {"station": 1252, "type_maa": "GR", "seuil": 1.0, "auto": true, "pause": 2, "scan": 3, "profondeur": 12}}, {"model": "core.configmaa", "pk": 12030, "fields": {"station": 1252, "type_maa": "SN", "seuil": 1.0, "auto": false, "pause": 2, "scan": 12, "profondeur": 12}}, {"model": "core.configmaa", "pk": 12031, "fields": {"station": 1252, "type_maa": "FZRA", "seuil": 1.0, "auto": true, "pause": 2, "scan": 12, "profondeur": 12}}, {"model": "core.configmaa", "pk": 12032, "fields": {"station": 1252, "type_maa": "FZDZ", "seuil": 1.0, "auto": true, "pause": 2, "scan": 12, "profondeur": 12}}, {"model": "core.configmaa", "pk": 12033, "fields": {"station": 1252, "type_maa": "RIME", "seuil": 1.0, "auto": false, "pause": 2, "scan": 12, "profondeur": 12}}, {"model": "core.configmaa", "pk": 12034, "fields": {"station": 1252, "type_maa": "FWID", "seuil": 1.0, "auto": false, "pause": 2, "scan": 12, "profondeur": 12}}, {"model": "core.configmaa", "pk": 12035, "fields": {"station": 1252, "type_maa": "TMIN", "seuil": 5.0, "auto": true, "pause": 2, "scan": 12, "profondeur": 12}}, {"model": "core.configmaa", "pk": 12036, "fields": {"station": 1253, "type_maa": "TS", "seuil": 1.0, "auto": true, "pause": 2, "scan": 3, "profondeur": 12}}, {"model": "core.configmaa", "pk": 12037, "fields": {"station": 1253, "type_maa": "VENT", "seuil": 30.0, "auto": true, "pause": 2, "scan": 12, "profondeur": 12}}, {"model": "core.configmaa", "pk": 12038, "fields": {"station": 1253, "type_maa": "RR3", "seuil": 15.0, "auto": true, "pause": 2, "scan": 12, "profondeur": 12}}, {"model": "core.configmaa", "pk": 12039, "fields": {"station": 1253, "type_maa": "SN", "seuil": 1.0, "auto": true, "pause": 2, "scan": 12, "profondeur": 12}}, {"model": "core.configmaa", "pk": 12040, "fields": {"station": 1253, "type_maa": "FZRA", "seuil": 1.0, "auto": true, "pause": 2, "scan": 12, "profondeur": 12}}, {"model": "core.configmaa", "pk": 12041, "fields": {"station": 1253, "type_maa": "FZDZ", "seuil": 1.0, "auto": true, "pause": 2, "scan": 12, "profondeur": 12}}, {"model": "core.configmaa", "pk": 12042, "fields": {"station": 1253, "type_maa": "RIME", "seuil": 1.0, "auto": true, "pause": 2, "scan": 12, "profondeur": 12}}, {"model": "core.configmaa", "pk": 12043, "fields": {"station": 1253, "type_maa": "FG", "seuil": 1.0, "auto": true, "pause": 2, "scan": 12, "profondeur": 12}}, {"model": "core.configmaa", "pk": 12044, "fields": {"station": 1253, "type_maa": "FZFG", "seuil": 1.0, "auto": true, "pause": 2, "scan": 12, "profondeur": 12}}, {"model": "core.configmaa", "pk": 12045, "fields": {"station": 1253, "type_maa": "FWID", "seuil": 1.0, "auto": true, "pause": 2, "scan": 12, "profondeur": 12}}, {"model": "core.configmaa", "pk": 12046, "fields": {"station": 1253, "type_maa": "TMIN", "seuil": -5.0, "auto": true, "pause": 2, "scan": 12, "profondeur": 12}}, {"model": "core.configmaa", "pk": 12047, "fields": {"station": 1254, "type_maa": "TS", "seuil": 1.0, "auto": true, "pause": 2, "scan": 3, "profondeur": 12}}, {"model": "core.configmaa", "pk": 12048, "fields": {"station": 1254, "type_maa": "GR", "seuil": 1.0, "auto": true, "pause": 2, "scan": 3, "profondeur": 12}}, {"model": "core.configmaa", "pk": 12049, "fields": {"station": 1254, "type_maa": "VENT", "seuil": 32.4, "auto": true, "pause": 2, "scan": 12, "profondeur": 12}}, {"model": "core.configmaa", "pk": 12050, "fields": {"station": 1254, "type_maa": "SN", "seuil": 1.0, "auto": true, "pause": 2, "scan": 12, "profondeur": 12}}, {"model": "core.configmaa", "pk": 12051, "fields": {"station": 1254, "type_maa": "FZRA", "seuil": 1.0, "auto": true, "pause": 2, "scan": 12, "profondeur": 12}}, {"model": "core.configmaa", "pk": 12052, "fields": {"station": 1254, "type_maa": "FZDZ", "seuil": 1.0, "auto": true, "pause": 2, "scan": 12, "profondeur": 12}}, {"model": "core.configmaa", "pk": 12053, "fields": {"station": 1254, "type_maa": "FZFG", "seuil": 1.0, "auto": true, "pause": 2, "scan": 12, "profondeur": 12}}, {"model": "core.configmaa", "pk": 12054, "fields": {"station": 1254, "type_maa": "FWID", "seuil": 1.0, "auto": true, "pause": 2, "scan": 12, "profondeur": 12}}, {"model": "core.configmaa", "pk": 12055, "fields": {"station": 1255, "type_maa": "TS", "seuil": 1.0, "auto": true, "pause": 2, "scan": 3, "profondeur": 12}}, {"model": "core.configmaa", "pk": 12056, "fields": {"station": 1255, "type_maa": "VENT", "seuil": 29.7, "auto": true, "pause": 2, "scan": 12, "profondeur": 12}}, {"model": "core.configmaa", "pk": 12057, "fields": {"station": 1255, "type_maa": "RR3", "seuil": 20.0, "auto": true, "pause": 2, "scan": 12, "profondeur": 12}}, {"model": "core.configmaa", "pk": 12058, "fields": {"station": 1255, "type_maa": "SN", "seuil": 1.0, "auto": true, "pause": 2, "scan": 12, "profondeur": 12}}, {"model": "core.configmaa", "pk": 12059, "fields": {"station": 1255, "type_maa": "FZRA", "seuil": 1.0, "auto": true, "pause": 2, "scan": 12, "profondeur": 12}}, {"model": "core.configmaa", "pk": 12060, "fields": {"station": 1255, "type_maa": "FZDZ", "seuil": 1.0, "auto": true, "pause": 2, "scan": 12, "profondeur": 12}}, {"model": "core.configmaa", "pk": 12061, "fields": {"station": 1255, "type_maa": "FZFG", "seuil": 1.0, "auto": true, "pause": 2, "scan": 12, "profondeur": 12}}, {"model": "core.configmaa", "pk": 12062, "fields": {"station": 1255, "type_maa": "FWID", "seuil": 1.0, "auto": true, "pause": 2, "scan": 12, "profondeur": 12}}, {"model": "core.configmaa", "pk": 12063, "fields": {"station": 1255, "type_maa": "TMIN", "seuil": 5.0, "auto": true, "pause": 2, "scan": 12, "profondeur": 12}}, {"model": "core.configmaa", "pk": 12064, "fields": {"station": 1256, "type_maa": "TS", "seuil": 1.0, "auto": true, "pause": 2, "scan": 3, "profondeur": 12}}, {"model": "core.configmaa", "pk": 12065, "fields": {"station": 1256, "type_maa": "GR", "seuil": 1.0, "auto": true, "pause": 2, "scan": 3, "profondeur": 12}}, {"model": "core.configmaa", "pk": 12066, "fields": {"station": 1256, "type_maa": "SN", "seuil": 1.0, "auto": true, "pause": 2, "scan": 12, "profondeur": 12}}, {"model": "core.configmaa", "pk": 12067, "fields": {"station": 1256, "type_maa": "FZRA", "seuil": 1.0, "auto": true, "pause": 2, "scan": 12, "profondeur": 12}}, {"model": "core.configmaa", "pk": 12068, "fields": {"station": 1256, "type_maa": "FZDZ", "seuil": 1.0, "auto": true, "pause": 2, "scan": 12, "profondeur": 12}}, {"model": "core.configmaa", "pk": 12069, "fields": {"station": 1256, "type_maa": "FZFG", "seuil": 1.0, "auto": true, "pause": 2, "scan": 12, "profondeur": 12}}, {"model": "core.configmaa", "pk": 12070, "fields": {"station": 1256, "type_maa": "FWID", "seuil": 1.0, "auto": true, "pause": 2, "scan": 12, "profondeur": 12}}, {"model": "core.configmaa", "pk": 12071, "fields": {"station": 1257, "type_maa": "TS", "seuil": 1.0, "auto": true, "pause": 2, "scan": 3, "profondeur": 12}}, {"model": "core.configmaa", "pk": 12072, "fields": {"station": 1257, "type_maa": "RR3", "seuil": 15.0, "auto": true, "pause": 2, "scan": 12, "profondeur": 12}}, {"model": "core.configmaa", "pk": 12073, "fields": {"station": 1257, "type_maa": "SN", "seuil": 1.0, "auto": true, "pause": 2, "scan": 12, "profondeur": 12}}, {"model": "core.configmaa", "pk": 12074, "fields": {"station": 1257, "type_maa": "FZRA", "seuil": 1.0, "auto": true, "pause": 2, "scan": 12, "profondeur": 12}}, {"model": "core.configmaa", "pk": 12075, "fields": {"station": 1257, "type_maa": "FZDZ", "seuil": 1.0, "auto": true, "pause": 2, "scan": 12, "profondeur": 12}}, {"model": "core.configmaa", "pk": 12076, "fields": {"station": 1257, "type_maa": "RIME", "seuil": 1.0, "auto": true, "pause": 2, "scan": 12, "profondeur": 12}}, {"model": "core.configmaa", "pk": 12077, "fields": {"station": 1257, "type_maa": "FG", "seuil": 1.0, "auto": true, "pause": 2, "scan": 12, "profondeur": 12}}, {"model": "core.configmaa", "pk": 12078, "fields": {"station": 1257, "type_maa": "FZFG", "seuil": 1.0, "auto": true, "pause": 2, "scan": 12, "profondeur": 12}}, {"model": "core.configmaa", "pk": 12079, "fields": {"station": 1257, "type_maa": "FWID", "seuil": 1.0, "auto": true, "pause": 2, "scan": 12, "profondeur": 12}}, {"model": "core.configmaa", "pk": 12080, "fields": {"station": 1257, "type_maa": "TMIN", "seuil": -5.0, "auto": true, "pause": 2, "scan": 12, "profondeur": 12}}, {"model": "core.configmaa", "pk": 12081, "fields": {"station": 1259, "type_maa": "SN", "seuil": 1.0, "auto": false, "pause": 2, "scan": 12, "profondeur": 12}}, {"model": "core.configmaa", "pk": 12082, "fields": {"station": 1259, "type_maa": "FZRA", "seuil": 1.0, "auto": true, "pause": 2, "scan": 12, "profondeur": 12}}, {"model": "core.configmaa", "pk": 12083, "fields": {"station": 1259, "type_maa": "FZDZ", "seuil": 1.0, "auto": true, "pause": 2, "scan": 12, "profondeur": 12}}, {"model": "core.configmaa", "pk": 12084, "fields": {"station": 1259, "type_maa": "FWID", "seuil": 1.0, "auto": false, "pause": 2, "scan": 12, "profondeur": 12}}, {"model": "core.configmaa", "pk": 12085, "fields": {"station": 1260, "type_maa": "TS", "seuil": 1.0, "auto": true, "pause": 2, "scan": 3, "profondeur": 12}}, {"model": "core.configmaa", "pk": 12086, "fields": {"station": 1260, "type_maa": "GR", "seuil": 1.0, "auto": true, "pause": 2, "scan": 3, "profondeur": 12}}, {"model": "core.configmaa", "pk": 12087, "fields": {"station": 1260, "type_maa": "SN", "seuil": 1.0, "auto": false, "pause": 2, "scan": 12, "profondeur": 12}}, {"model": "core.configmaa", "pk": 12088, "fields": {"station": 1260, "type_maa": "FZRA", "seuil": 1.0, "auto": true, "pause": 2, "scan": 12, "profondeur": 12}}, {"model": "core.configmaa", "pk": 12089, "fields": {"station": 1260, "type_maa": "FZDZ", "seuil": 1.0, "auto": true, "pause": 2, "scan": 12, "profondeur": 12}}, {"model": "core.configmaa", "pk": 12090, "fields": {"station": 1260, "type_maa": "RIME", "seuil": 1.0, "auto": false, "pause": 2, "scan": 12, "profondeur": 12}}, {"model": "core.configmaa", "pk": 12091, "fields": {"station": 1260, "type_maa": "FG", "seuil": 1.0, "auto": true, "pause": 2, "scan": 12, "profondeur": 12}}, {"model": "core.configmaa", "pk": 12092, "fields": {"station": 1260, "type_maa": "FZFG", "seuil": 1.0, "auto": true, "pause": 2, "scan": 12, "profondeur": 12}}, {"model": "core.configmaa", "pk": 12093, "fields": {"station": 1260, "type_maa": "FWID", "seuil": 1.0, "auto": false, "pause": 2, "scan": 12, "profondeur": 12}}, {"model": "core.configmaa", "pk": 12094, "fields": {"station": 1260, "type_maa": "TMIN", "seuil": 3.0, "auto": true, "pause": 2, "scan": 12, "profondeur": 12}}, {"model": "core.configmaa", "pk": 12095, "fields": {"station": 1261, "type_maa": "TS", "seuil": 1.0, "auto": true, "pause": 2, "scan": 3, "profondeur": 12}}, {"model": "core.configmaa", "pk": 12096, "fields": {"station": 1261, "type_maa": "GR", "seuil": 1.0, "auto": true, "pause": 2, "scan": 3, "profondeur": 12}}, {"model": "core.configmaa", "pk": 12097, "fields": {"station": 1261, "type_maa": "SN", "seuil": 1.0, "auto": false, "pause": 2, "scan": 12, "profondeur": 12}}, {"model": "core.configmaa", "pk": 12098, "fields": {"station": 1261, "type_maa": "FZRA", "seuil": 1.0, "auto": true, "pause": 2, "scan": 12, "profondeur": 12}}, {"model": "core.configmaa", "pk": 12099, "fields": {"station": 1261, "type_maa": "FZDZ", "seuil": 1.0, "auto": true, "pause": 2, "scan": 12, "profondeur": 12}}, {"model": "core.configmaa", "pk": 12100, "fields": {"station": 1261, "type_maa": "RIME", "seuil": 1.0, "auto": false, "pause": 2, "scan": 12, "profondeur": 12}}, {"model": "core.configmaa", "pk": 12101, "fields": {"station": 1261, "type_maa": "FG", "seuil": 1.0, "auto": true, "pause": 2, "scan": 12, "profondeur": 12}}, {"model": "core.configmaa", "pk": 12102, "fields": {"station": 1261, "type_maa": "FZFG", "seuil": 1.0, "auto": true, "pause": 2, "scan": 12, "profondeur": 12}}, {"model": "core.configmaa", "pk": 12103, "fields": {"station": 1261, "type_maa": "FWID", "seuil": 1.0, "auto": false, "pause": 2, "scan": 12, "profondeur": 12}}, {"model": "core.configmaa", "pk": 12104, "fields": {"station": 1262, "type_maa": "TS", "seuil": 1.0, "auto": false, "pause": 2, "scan": 3, "profondeur": 12}}, {"model": "core.configmaa", "pk": 12105, "fields": {"station": 1262, "type_maa": "GR", "seuil": 1.0, "auto": false, "pause": 2, "scan": 3, "profondeur": 12}}, {"model": "core.configmaa", "pk": 12106, "fields": {"station": 1262, "type_maa": "SQ", "seuil": 1.0, "auto": false, "pause": 2, "scan": 3, "profondeur": 12}}, {"model": "core.configmaa", "pk": 12107, "fields": {"station": 1262, "type_maa": "VENT", "seuil": 30.0, "auto": false, "pause": 2, "scan": 12, "profondeur": 12}}, {"model": "core.configmaa", "pk": 12108, "fields": {"station": 1262, "type_maa": "SN", "seuil": 1.0, "auto": false, "pause": 2, "scan": 12, "profondeur": 12}}, {"model": "core.configmaa", "pk": 12109, "fields": {"station": 1262, "type_maa": "FZRA", "seuil": 1.0, "auto": false, "pause": 2, "scan": 6, "profondeur": 12}}, {"model": "core.configmaa", "pk": 12110, "fields": {"station": 1262, "type_maa": "FZDZ", "seuil": 1.0, "auto": false, "pause": 2, "scan": 6, "profondeur": 12}}, {"model": "core.configmaa", "pk": 12111, "fields": {"station": 1262, "type_maa": "FZFG", "seuil": 1.0, "auto": false, "pause": 2, "scan": 12, "profondeur": 12}}, {"model": "core.configmaa", "pk": 12112, "fields": {"station": 1262, "type_maa": "FWID", "seuil": 1.0, "auto": false, "pause": 2, "scan": 12, "profondeur": 12}}, {"model": "core.configmaa", "pk": 12113, "fields": {"station": 1262, "type_maa": "VA", "seuil": 1.0, "auto": false, "pause": 2, "scan": 12, "profondeur": 12}}, {"model": "core.configmaa", "pk": 12114, "fields": {"station": 1263, "type_maa": "TS", "seuil": 1.0, "auto": true, "pause": 2, "scan": 3, "profondeur": 12}}, {"model": "core.configmaa", "pk": 12115, "fields": {"station": 1263, "type_maa": "GR", "seuil": 1.0, "auto": true, "pause": 2, "scan": 3, "profondeur": 12}}, {"model": "core.configmaa", "pk": 12116, "fields": {"station": 1263, "type_maa": "SQ", "seuil": 1.0, "auto": true, "pause": 2, "scan": 12, "profondeur": 12}}, {"model": "core.configmaa", "pk": 12117, "fields": {"station": 1263, "type_maa": "VENT_MOY", "seuil": 30.0, "auto": true, "pause": 2, "scan": 12, "profondeur": 12}}, {"model": "core.configmaa", "pk": 12118, "fields": {"station": 1263, "type_maa": "VENT", "seuil": 50.0, "auto": true, "pause": 2, "scan": 12, "profondeur": 12}}, {"model": "core.configmaa", "pk": 12119, "fields": {"station": 1263, "type_maa": "SN", "seuil": 1.0, "auto": false, "pause": 2, "scan": 12, "profondeur": 12}}, {"model": "core.configmaa", "pk": 12120, "fields": {"station": 1263, "type_maa": "FZRA", "seuil": 1.0, "auto": true, "pause": 2, "scan": 12, "profondeur": 12}}, {"model": "core.configmaa", "pk": 12121, "fields": {"station": 1263, "type_maa": "FZDZ", "seuil": 1.0, "auto": true, "pause": 2, "scan": 12, "profondeur": 12}}, {"model": "core.configmaa", "pk": 12122, "fields": {"station": 1263, "type_maa": "FZFG", "seuil": 1.0, "auto": true, "pause": 2, "scan": 12, "profondeur": 12}}, {"model": "core.configmaa", "pk": 12123, "fields": {"station": 1263, "type_maa": "FWID", "seuil": 1.0, "auto": false, "pause": 2, "scan": 12, "profondeur": 12}}, {"model": "core.configmaa", "pk": 12124, "fields": {"station": 1263, "type_maa": "VA", "seuil": 1.0, "auto": false, "pause": 2, "scan": 12, "profondeur": 12}}, {"model": "core.configmaa", "pk": 12125, "fields": {"station": 1264, "type_maa": "TS", "seuil": 1.0, "auto": true, "pause": 2, "scan": 3, "profondeur": 12}}, {"model": "core.configmaa", "pk": 12126, "fields": {"station": 1264, "type_maa": "VENT", "seuil": 40.5, "auto": true, "pause": 2, "scan": 12, "profondeur": 12}}, {"model": "core.configmaa", "pk": 12127, "fields": {"station": 1264, "type_maa": "SN", "seuil": 1.0, "auto": false, "pause": 2, "scan": 12, "profondeur": 12}}, {"model": "core.configmaa", "pk": 12128, "fields": {"station": 1264, "type_maa": "FZRA", "seuil": 1.0, "auto": true, "pause": 2, "scan": 6, "profondeur": 12}}, {"model": "core.configmaa", "pk": 12129, "fields": {"station": 1264, "type_maa": "FZDZ", "seuil": 1.0, "auto": true, "pause": 2, "scan": 6, "profondeur": 12}}, {"model": "core.configmaa", "pk": 12130, "fields": {"station": 1264, "type_maa": "RIME", "seuil": 1.0, "auto": false, "pause": 2, "scan": 12, "profondeur": 12}}, {"model": "core.configmaa", "pk": 12131, "fields": {"station": 1264, "type_maa": "FWID", "seuil": 1.0, "auto": false, "pause": 2, "scan": 12, "profondeur": 12}}, {"model": "core.configmaa", "pk": 12132, "fields": {"station": 1264, "type_maa": "VA", "seuil": 1.0, "auto": false, "pause": 2, "scan": 12, "profondeur": 12}}, {"model": "core.configmaa", "pk": 12133, "fields": {"station": 1264, "type_maa": "TOXCHEM", "seuil": 1.0, "auto": false, "pause": 2, "scan": 12, "profondeur": 12}}, {"model": "core.configmaa", "pk": 12134, "fields": {"station": 1265, "type_maa": "TS", "seuil": 1.0, "auto": true, "pause": 2, "scan": 3, "profondeur": 12}}, {"model": "core.configmaa", "pk": 12135, "fields": {"station": 1265, "type_maa": "GR", "seuil": 1.0, "auto": true, "pause": 2, "scan": 3, "profondeur": 12}}, {"model": "core.configmaa", "pk": 12136, "fields": {"station": 1265, "type_maa": "SQ", "seuil": 1.0, "auto": true, "pause": 2, "scan": 12, "profondeur": 12}}, {"model": "core.configmaa", "pk": 12137, "fields": {"station": 1265, "type_maa": "VENT", "seuil": 40.0, "auto": true, "pause": 2, "scan": 12, "profondeur": 12}}, {"model": "core.configmaa", "pk": 12138, "fields": {"station": 1265, "type_maa": "SN", "seuil": 1.0, "auto": false, "pause": 2, "scan": 12, "profondeur": 12}}, {"model": "core.configmaa", "pk": 12139, "fields": {"station": 1265, "type_maa": "FZRA", "seuil": 1.0, "auto": true, "pause": 2, "scan": 12, "profondeur": 12}}, {"model": "core.configmaa", "pk": 12140, "fields": {"station": 1265, "type_maa": "FZDZ", "seuil": 1.0, "auto": true, "pause": 2, "scan": 12, "profondeur": 12}}, {"model": "core.configmaa", "pk": 12141, "fields": {"station": 1265, "type_maa": "RIME", "seuil": 1.0, "auto": false, "pause": 2, "scan": 12, "profondeur": 12}}, {"model": "core.configmaa", "pk": 12142, "fields": {"station": 1265, "type_maa": "FZFG", "seuil": 1.0, "auto": true, "pause": 2, "scan": 12, "profondeur": 12}}, {"model": "core.configmaa", "pk": 12143, "fields": {"station": 1265, "type_maa": "FWID", "seuil": 1.0, "auto": false, "pause": 2, "scan": 12, "profondeur": 12}}, {"model": "core.configmaa", "pk": 12144, "fields": {"station": 1265, "type_maa": "FWOID", "seuil": 1.0, "auto": false, "pause": 2, "scan": 12, "profondeur": 12}}, {"model": "core.configmaa", "pk": 12145, "fields": {"station": 1266, "type_maa": "TS", "seuil": 1.0, "auto": true, "pause": 2, "scan": 3, "profondeur": 12}}, {"model": "core.configmaa", "pk": 12146, "fields": {"station": 1266, "type_maa": "GR", "seuil": 1.0, "auto": true, "pause": 2, "scan": 3, "profondeur": 12}}, {"model": "core.configmaa", "pk": 12147, "fields": {"station": 1266, "type_maa": "SQ", "seuil": 1.0, "auto": true, "pause": 2, "scan": 12, "profondeur": 12}}, {"model": "core.configmaa", "pk": 12148, "fields": {"station": 1266, "type_maa": "VENT_MOY", "seuil": 30.0, "auto": true, "pause": 2, "scan": 12, "profondeur": 12}}, {"model": "core.configmaa", "pk": 12149, "fields": {"station": 1266, "type_maa": "VENT", "seuil": 45.0, "auto": true, "pause": 2, "scan": 12, "profondeur": 12}}, {"model": "core.configmaa", "pk": 12150, "fields": {"station": 1266, "type_maa": "RR3", "seuil": 60.0, "auto": true, "pause": 2, "scan": 12, "profondeur": 12}}, {"model": "core.configmaa", "pk": 12151, "fields": {"station": 1266, "type_maa": "RR6", "seuil": 80.0, "auto": true, "pause": 2, "scan": 12, "profondeur": 12}}, {"model": "core.configmaa", "pk": 12152, "fields": {"station": 1266, "type_maa": "SN", "seuil": 1.0, "auto": false, "pause": 2, "scan": 12, "profondeur": 12}}, {"model": "core.configmaa", "pk": 12153, "fields": {"station": 1266, "type_maa": "FZRA", "seuil": 1.0, "auto": true, "pause": 2, "scan": 12, "profondeur": 12}}, {"model": "core.configmaa", "pk": 12154, "fields": {"station": 1266, "type_maa": "FZDZ", "seuil": 1.0, "auto": true, "pause": 2, "scan": 12, "profondeur": 12}}, {"model": "core.configmaa", "pk": 12155, "fields": {"station": 1266, "type_maa": "RIME", "seuil": 1.0, "auto": false, "pause": 2, "scan": 12, "profondeur": 12}}, {"model": "core.configmaa", "pk": 12156, "fields": {"station": 1266, "type_maa": "FZFG", "seuil": 1.0, "auto": true, "pause": 2, "scan": 12, "profondeur": 12}}, {"model": "core.configmaa", "pk": 12157, "fields": {"station": 1266, "type_maa": "FWID", "seuil": 1.0, "auto": false, "pause": 2, "scan": 12, "profondeur": 12}}, {"model": "core.configmaa", "pk": 12158, "fields": {"station": 1266, "type_maa": "TMIN", "seuil": -3.0, "auto": true, "pause": 2, "scan": 12, "profondeur": 12}}, {"model": "core.configmaa", "pk": 12159, "fields": {"station": 1267, "type_maa": "TS", "seuil": 1.0, "auto": false, "pause": 2, "scan": 3, "profondeur": 12}}, {"model": "core.configmaa", "pk": 12160, "fields": {"station": 1267, "type_maa": "GR", "seuil": 1.0, "auto": false, "pause": 2, "scan": 3, "profondeur": 12}}, {"model": "core.configmaa", "pk": 12161, "fields": {"station": 1267, "type_maa": "VENT_MOY", "seuil": 50.0, "auto": false, "pause": 2, "scan": 12, "profondeur": 12}}, {"model": "core.configmaa", "pk": 12162, "fields": {"station": 1267, "type_maa": "RR24", "seuil": 30.0, "auto": false, "pause": 2, "scan": 12, "profondeur": 12}}, {"model": "core.configmaa", "pk": 12163, "fields": {"station": 1267, "type_maa": "SN", "seuil": 1.0, "auto": false, "pause": 2, "scan": 12, "profondeur": 12}}, {"model": "core.configmaa", "pk": 12164, "fields": {"station": 1267, "type_maa": "FZRA", "seuil": 1.0, "auto": false, "pause": 2, "scan": 12, "profondeur": 12}}, {"model": "core.configmaa", "pk": 12165, "fields": {"station": 1267, "type_maa": "FZDZ", "seuil": 1.0, "auto": false, "pause": 2, "scan": 12, "profondeur": 12}}, {"model": "core.configmaa", "pk": 12166, "fields": {"station": 1267, "type_maa": "FZFG", "seuil": 1.0, "auto": false, "pause": 2, "scan": 12, "profondeur": 12}}, {"model": "core.configmaa", "pk": 12167, "fields": {"station": 1267, "type_maa": "FWID", "seuil": 1.0, "auto": false, "pause": 2, "scan": 12, "profondeur": 12}}, {"model": "core.configmaa", "pk": 12168, "fields": {"station": 1267, "type_maa": "TMIN", "seuil": -10.0, "auto": false, "pause": 2, "scan": 12, "profondeur": 12}}, {"model": "core.configmaa", "pk": 12169, "fields": {"station": 1267, "type_maa": "BLSN", "seuil": 1.0, "auto": false, "pause": 2, "scan": 12, "profondeur": 12}}, {"model": "core.configmaa", "pk": 12170, "fields": {"station": 1268, "type_maa": "TS", "seuil": 1.0, "auto": true, "pause": 2, "scan": 3, "profondeur": 12}}, {"model": "core.configmaa", "pk": 12171, "fields": {"station": 1268, "type_maa": "GR", "seuil": 1.0, "auto": true, "pause": 2, "scan": 3, "profondeur": 12}}, {"model": "core.configmaa", "pk": 12172, "fields": {"station": 1268, "type_maa": "SQ", "seuil": 1.0, "auto": true, "pause": 2, "scan": 12, "profondeur": 12}}, {"model": "core.configmaa", "pk": 12173, "fields": {"station": 1268, "type_maa": "VENT_MOY", "seuil": 25.0, "auto": true, "pause": 2, "scan": 12, "profondeur": 12}}, {"model": "core.configmaa", "pk": 12174, "fields": {"station": 1268, "type_maa": "VENT", "seuil": 30.0, "auto": true, "pause": 2, "scan": 12, "profondeur": 12}}, {"model": "core.configmaa", "pk": 12175, "fields": {"station": 1268, "type_maa": "TC", "seuil": 1.0, "auto": false, "pause": 2, "scan": 12, "profondeur": 12}}, {"model": "core.configmaa", "pk": 12176, "fields": {"station": 1268, "type_maa": "TSUNAMI", "seuil": 1.0, "auto": false, "pause": 2, "scan": 12, "profondeur": 12}}, {"model": "core.configmaa", "pk": 12177, "fields": {"station": 1268, "type_maa": "HVY_SWELL", "seuil": 1.0, "auto": false, "pause": 2, "scan": 12, "profondeur": 12}}, {"model": "core.configmaa", "pk": 12178, "fields": {"station": 1270, "type_maa": "TS", "seuil": 1.0, "auto": true, "pause": 2, "scan": 3, "profondeur": 12}}, {"model": "core.configmaa", "pk": 12179, "fields": {"station": 1270, "type_maa": "SQ", "seuil": 1.0, "auto": true, "pause": 2, "scan": 12, "profondeur": 12}}, {"model": "core.configmaa", "pk": 12180, "fields": {"station": 1270, "type_maa": "VENT_MOY", "seuil": 25.0, "auto": true, "pause": 2, "scan": 12, "profondeur": 12}}, {"model": "core.configmaa", "pk": 12181, "fields": {"station": 1270, "type_maa": "VENT", "seuil": 50.0, "auto": true, "pause": 2, "scan": 12, "profondeur": 12}}, {"model": "core.configmaa", "pk": 12182, "fields": {"station": 1270, "type_maa": "TC", "seuil": 1.0, "auto": false, "pause": 2, "scan": 12, "profondeur": 12}}, {"model": "core.configmaa", "pk": 12183, "fields": {"station": 1271, "type_maa": "TS", "seuil": 1.0, "auto": true, "pause": 2, "scan": 3, "profondeur": 12}}, {"model": "core.configmaa", "pk": 12184, "fields": {"station": 1271, "type_maa": "VENT_MOY", "seuil": 30.0, "auto": true, "pause": 2, "scan": 12, "profondeur": 12}}, {"model": "core.configmaa", "pk": 12185, "fields": {"station": 1271, "type_maa": "VENT", "seuil": 40.0, "auto": true, "pause": 2, "scan": 12, "profondeur": 12}}, {"model": "core.configmaa", "pk": 12186, "fields": {"station": 1271, "type_maa": "VA", "seuil": 1.0, "auto": false, "pause": 2, "scan": 12, "profondeur": 12}}, {"model": "core.configmaa", "pk": 12187, "fields": {"station": 1272, "type_maa": "TS", "seuil": 1.0, "auto": true, "pause": 2, "scan": 3, "profondeur": 12}}, {"model": "core.configmaa", "pk": 12188, "fields": {"station": 1272, "type_maa": "VENT_MOY", "seuil": 30.0, "auto": true, "pause": 2, "scan": 12, "profondeur": 12}}, {"model": "core.configmaa", "pk": 12189, "fields": {"station": 1272, "type_maa": "VENT", "seuil": 40.0, "auto": true, "pause": 2, "scan": 12, "profondeur": 12}}, {"model": "core.configmaa", "pk": 12190, "fields": {"station": 1272, "type_maa": "RR6", "seuil": 120.0, "auto": false, "pause": 2, "scan": 12, "profondeur": 12}}, {"model": "core.configmaa", "pk": 12191, "fields": {"station": 1272, "type_maa": "VA", "seuil": 1.0, "auto": false, "pause": 2, "scan": 12, "profondeur": 12}}, {"model": "core.configmaa", "pk": 12192, "fields": {"station": 1273, "type_maa": "TS", "seuil": 1.0, "auto": true, "pause": 2, "scan": 3, "profondeur": 12}}, {"model": "core.configmaa", "pk": 12193, "fields": {"station": 1273, "type_maa": "VENT_MOY", "seuil": 30.0, "auto": true, "pause": 2, "scan": 12, "profondeur": 12}}, {"model": "core.configmaa", "pk": 12194, "fields": {"station": 1273, "type_maa": "VENT", "seuil": 40.0, "auto": true, "pause": 2, "scan": 12, "profondeur": 12}}, {"model": "core.configmaa", "pk": 12195, "fields": {"station": 1273, "type_maa": "RR6", "seuil": 120.0, "auto": false, "pause": 2, "scan": 12, "profondeur": 12}}, {"model": "core.configmaa", "pk": 12196, "fields": {"station": 1273, "type_maa": "VA", "seuil": 1.0, "auto": false, "pause": 2, "scan": 12, "profondeur": 12}}, {"model": "core.configmaa", "pk": 12197, "fields": {"station": 1271, "type_maa": "RR1", "seuil": 70.0, "auto": false, "pause": 2, "scan": 12, "profondeur": 12}}, {"model": "core.configmaa", "pk": 12198, "fields": {"station": 1271, "type_maa": "RR6", "seuil": 120.0, "auto": false, "pause": 2, "scan": 12, "profondeur": 12}}, {"model": "core.configmaa", "pk": 12199, "fields": {"station": 1252, "type_maa": "VENT", "seuil": 43.2, "auto": true, "pause": 2, "scan": 12, "profondeur": 12}}, {"model": "core.configmaa", "pk": 12200, "fields": {"station": 1257, "type_maa": "VENT", "seuil": 30.0, "auto": true, "pause": 2, "scan": 12, "profondeur": 12}}, {"model": "core.configmaa", "pk": 12201, "fields": {"station": 1259, "type_maa": "VENT", "seuil": 32.4, "auto": true, "pause": 2, "scan": 12, "profondeur": 12}}, {"model": "core.configmaa", "pk": 12202, "fields": {"station": 1260, "type_maa": "VENT", "seuil": 30.0, "auto": true, "pause": 2, "scan": 12, "profondeur": 12}}, {"model": "core.configmaa", "pk": 12203, "fields": {"station": 1261, "type_maa": "VENT", "seuil": 30.0, "auto": true, "pause": 2, "scan": 12, "profondeur": 12}}, {"model": "core.configmaa", "pk": 12204, "fields": {"station": 1233, "type_maa": "VENT", "seuil": 30.0, "auto": true, "pause": 2, "scan": 12, "profondeur": 12}}, {"model": "core.configmaa", "pk": 12205, "fields": {"station": 1230, "type_maa": "GR", "seuil": 1.0, "auto": true, "pause": 2, "scan": 3, "profondeur": 12}}, {"model": "core.configmaa", "pk": 12206, "fields": {"station": 1209, "type_maa": "VENT", "seuil": 25.0, "auto": true, "pause": 2, "scan": 12, "profondeur": 12}}, {"model": "core.configmaa", "pk": 12207, "fields": {"station": 1209, "type_maa": "VENT_MOY", "seuil": 25.0, "auto": true, "pause": 2, "scan": 12, "profondeur": 12}}, {"model": "core.configmaa", "pk": 12208, "fields": {"station": 1209, "type_maa": "TS", "seuil": 1.0, "auto": true, "pause": 2, "scan": 3, "profondeur": 12}}, {"model": "core.configmaa", "pk": 12209, "fields": {"station": 1209, "type_maa": "GR", "seuil": 1.0, "auto": true, "pause": 2, "scan": 3, "profondeur": 12}}, {"model": "core.configmaa", "pk": 12210, "fields": {"station": 1209, "type_maa": "FZFG", "seuil": 1.0, "auto": true, "pause": 2, "scan": 12, "profondeur": 12}}, {"model": "core.configmaa", "pk": 12211, "fields": {"station": 1209, "type_maa": "FZRA", "seuil": 1.0, "auto": true, "pause": 2, "scan": 12, "profondeur": 12}}, {"model": "core.configmaa", "pk": 12212, "fields": {"station": 1209, "type_maa": "FZDZ", "seuil": 1.0, "auto": true, "pause": 2, "scan": 12, "profondeur": 12}}, {"model": "core.configmaa", "pk": 12213, "fields": {"station": 1209, "type_maa": "SN", "seuil": 1.0, "auto": false, "pause": 2, "scan": 12, "profondeur": 12}}, {"model": "core.configmaa", "pk": 12214, "fields": {"station": 1209, "type_maa": "RIME", "seuil": 1.0, "auto": false, "pause": 2, "scan": 12, "profondeur": 12}}, {"model": "core.configmaa", "pk": 12215, "fields": {"station": 1209, "type_maa": "FWID", "seuil": 1.0, "auto": false, "pause": 2, "scan": 12, "profondeur": 12}}, {"model": "core.configmaa", "pk": 12216, "fields": {"station": 1209, "type_maa": "FWOID", "seuil": 1.0, "auto": false, "pause": 2, "scan": 12, "profondeur": 12}}, {"model": "core.configmaa", "pk": 12217, "fields": {"station": 1245, "type_maa": "VENT_MOY", "seuil": 30.0, "auto": true, "pause": 2, "scan": 12, "profondeur": 12}}, {"model": "core.configmaa", "pk": 12218, "fields": {"station": 1251, "type_maa": "VENT_MOY", "seuil": 30.0, "auto": true, "pause": 2, "scan": 12, "profondeur": 12}}, {"model": "core.configmaa", "pk": 12219, "fields": {"station": 1226, "type_maa": "VENT_MOY", "seuil": 43.2, "auto": true, "pause": 2, "scan": 12, "profondeur": 12}}, {"model": "core.configmaa", "pk": 12220, "fields": {"station": 1256, "type_maa": "VENT", "seuil": 40.5, "auto": true, "pause": 2, "scan": 12, "profondeur": 12}}, {"model": "core.configmaa", "pk": 12221, "fields": {"station": 1250, "type_maa": "VENT", "seuil": 55.0, "auto": false, "pause": 2, "scan": 12, "profondeur": 12}}, {"model": "core.configmaa", "pk": 12222, "fields": {"station": 1208, "type_maa": "VENT_MOY", "seuil": 55.0, "auto": true, "pause": 2, "scan": 12, "profondeur": 12}}, {"model": "core.configmaa", "pk": 12223, "fields": {"station": 1272, "type_maa": "RR1", "seuil": 70.0, "auto": false, "pause": 2, "scan": 12, "profondeur": 12}}, {"model": "core.configmaa", "pk": 12224, "fields": {"station": 1273, "type_maa": "RR1", "seuil": 70.0, "auto": false, "pause": 2, "scan": 12, "profondeur": 12}}, {"model": "core.configmaa", "pk": 12225, "fields": {"station": 1232, "type_maa": "VENT", "seuil": 43.2, "auto": true, "pause": 2, "scan": 12, "profondeur": 12}}, {"model": "core.configmaa", "pk": 12226, "fields": {"station": 1260, "type_maa": "VENT", "seuil": 50.0, "auto": true, "pause": 2, "scan": 12, "profondeur": 12}}, {"model": "core.configmaa", "pk": 12227, "fields": {"station": 1244, "type_maa": "DENSE_FG", "seuil": 1.0, "auto": true, "pause": 2, "scan": 12, "profondeur": 12}}, {"model": "core.configmaa", "pk": 12228, "fields": {"station": 1264, "type_maa": "GR", "seuil": 1.0, "auto": true, "pause": 2, "scan": 3, "profondeur": 12}}, {"model": "core.configmaa", "pk": 12229, "fields": {"station": 1264, "type_maa": "SQ", "seuil": 1.0, "auto": true, "pause": 2, "scan": 3, "profondeur": 12}}, {"model": "core.configmaa", "pk": 12230, "fields": {"station": 1218, "type_maa": "VENT_MOY", "seuil": 30.0, "auto": true, "pause": 2, "scan": 12, "profondeur": 12}}, {"model": "core.configmaa", "pk": 12231, "fields": {"station": 1262, "type_maa": "RIME", "seuil": 1.0, "auto": false, "pause": 2, "scan": 12, "profondeur": 12}}, {"model": "core.configmaa", "pk": 12232, "fields": {"station": 1208, "type_maa": "RR3", "seuil": 70.0, "auto": false, "pause": 2, "scan": 12, "profondeur": 12}}, {"model": "core.configmaa", "pk": 12233, "fields": {"station": 1238, "type_maa": "RR6", "seuil": 30.0, "auto": true, "pause": 2, "scan": 12, "profondeur": 12}}, {"model": "core.configmaa", "pk": 12234, "fields": {"station": 1247, "type_maa": "FZDZ", "seuil": 1.0, "auto": false, "pause": 2, "scan": 12, "profondeur": 12}}, {"model": "core.configmaa", "pk": 12235, "fields": {"station": 1247, "type_maa": "FZFG", "seuil": 1.0, "auto": false, "pause": 2, "scan": 12, "profondeur": 12}}, {"model": "core.configmaa", "pk": 12236, "fields": {"station": 1247, "type_maa": "FZRA", "seuil": 1.0, "auto": false, "pause": 2, "scan": 12, "profondeur": 12}}, {"model": "core.configmaa", "pk": 12237, "fields": {"station": 1247, "type_maa": "GR", "seuil": 1.0, "auto": false, "pause": 2, "scan": 3, "profondeur": 12}}, {"model": "core.configmaa", "pk": 12238, "fields": {"station": 1247, "type_maa": "HVY_FZRA", "seuil": 1.0, "auto": false, "pause": 2, "scan": 12, "profondeur": 12}}, {"model": "core.configmaa", "pk": 12239, "fields": {"station": 1247, "type_maa": "HVY_FZDZ", "seuil": 1.0, "auto": false, "pause": 2, "scan": 12, "profondeur": 12}}, {"model": "core.configmaa", "pk": 12240, "fields": {"station": 1247, "type_maa": "HVY_GR", "seuil": 1.0, "auto": false, "pause": 2, "scan": 12, "profondeur": 12}}, {"model": "core.configmaa", "pk": 12241, "fields": {"station": 1247, "type_maa": "HVY_SN", "seuil": 1.0, "auto": false, "pause": 2, "scan": 12, "profondeur": 12}}, {"model": "core.configmaa", "pk": 12242, "fields": {"station": 1247, "type_maa": "HVY_SNRA", "seuil": 1.0, "auto": false, "pause": 2, "scan": 12, "profondeur": 12}}, {"model": "core.configmaa", "pk": 12243, "fields": {"station": 1247, "type_maa": "HVY_TS", "seuil": 1.0, "auto": false, "pause": 2, "scan": 12, "profondeur": 12}}, {"model": "core.configmaa", "pk": 12244, "fields": {"station": 1247, "type_maa": "RIME", "seuil": 1.0, "auto": false, "pause": 2, "scan": 12, "profondeur": 12}}, {"model": "core.configmaa", "pk": 12245, "fields": {"station": 1247, "type_maa": "SN", "seuil": 1.0, "auto": false, "pause": 2, "scan": 12, "profondeur": 12}}, {"model": "core.configmaa", "pk": 12246, "fields": {"station": 1247, "type_maa": "SNRA", "seuil": 1.0, "auto": false, "pause": 2, "scan": 12, "profondeur": 12}}, {"model": "core.configmaa", "pk": 12247, "fields": {"station": 1247, "type_maa": "TS", "seuil": 1.0, "auto": false, "pause": 2, "scan": 3, "profondeur": 12}}, {"model": "core.configmaa", "pk": 12248, "fields": {"station": 1247, "type_maa": "VEHICLE_RIME", "seuil": 1.0, "auto": false, "pause": 2, "scan": 12, "profondeur": 12}}, {"model": "core.configmaa", "pk": 12249, "fields": {"station": 1247, "type_maa": "VENT", "seuil": 35.0, "auto": false, "pause": 2, "scan": 12, "profondeur": 12}}, {"model": "core.configmaa", "pk": 12250, "fields": {"station": 1247, "type_maa": "VENT", "seuil": 50.0, "auto": false, "pause": 2, "scan": 12, "profondeur": 12}}, {"model": "core.configmaa", "pk": 12251, "fields": {"station": 1247, "type_maa": "VENT", "seuil": 60.0, "auto": false, "pause": 2, "scan": 12, "profondeur": 12}}, {"model": "core.configmaa", "pk": 12252, "fields": {"station": 1247, "type_maa": "VENT", "seuil": 70.0, "auto": false, "pause": 2, "scan": 12, "profondeur": 12}}, {"model": "core.configmaa", "pk": 12253, "fields": {"station": 1248, "type_maa": "FZDZ", "seuil": 1.0, "auto": false, "pause": 2, "scan": 12, "profondeur": 12}}, {"model": "core.configmaa", "pk": 12254, "fields": {"station": 1248, "type_maa": "FZFG", "seuil": 1.0, "auto": false, "pause": 2, "scan": 12, "profondeur": 12}}, {"model": "core.configmaa", "pk": 12255, "fields": {"station": 1248, "type_maa": "FZRA", "seuil": 1.0, "auto": false, "pause": 2, "scan": 12, "profondeur": 12}}, {"model": "core.configmaa", "pk": 12256, "fields": {"station": 1248, "type_maa": "GR", "seuil": 1.0, "auto": false, "pause": 2, "scan": 3, "profondeur": 12}}, {"model": "core.configmaa", "pk": 12257, "fields": {"station": 1248, "type_maa": "HVY_FZDZ", "seuil": 1.0, "auto": false, "pause": 2, "scan": 12, "profondeur": 12}}, {"model": "core.configmaa", "pk": 12258, "fields": {"station": 1248, "type_maa": "HVY_FZRA", "seuil": 1.0, "auto": false, "pause": 2, "scan": 12, "profondeur": 12}}, {"model": "core.configmaa", "pk": 12259, "fields": {"station": 1248, "type_maa": "HVY_GR", "seuil": 1.0, "auto": false, "pause": 2, "scan": 12, "profondeur": 12}}, {"model": "core.configmaa", "pk": 12260, "fields": {"station": 1248, "type_maa": "HVY_SN", "seuil": 1.0, "auto": false, "pause": 2, "scan": 12, "profondeur": 12}}, {"model": "core.configmaa", "pk": 12261, "fields": {"station": 1248, "type_maa": "HVY_SNRA", "seuil": 1.0, "auto": false, "pause": 2, "scan": 12, "profondeur": 12}}, {"model": "core.configmaa", "pk": 12262, "fields": {"station": 1248, "type_maa": "HVY_TS", "seuil": 1.0, "auto": false, "pause": 2, "scan": 12, "profondeur": 12}}, {"model": "core.configmaa", "pk": 12263, "fields": {"station": 1248, "type_maa": "RIME", "seuil": 1.0, "auto": false, "pause": 2, "scan": 12, "profondeur": 12}}, {"model": "core.configmaa", "pk": 12264, "fields": {"station": 1248, "type_maa": "SN", "seuil": 1.0, "auto": false, "pause": 2, "scan": 12, "profondeur": 12}}, {"model": "core.configmaa", "pk": 12265, "fields": {"station": 1248, "type_maa": "SNRA", "seuil": 1.0, "auto": false, "pause": 2, "scan": 12, "profondeur": 12}}, {"model": "core.configmaa", "pk": 12266, "fields": {"station": 1248, "type_maa": "TS", "seuil": 1.0, "auto": false, "pause": 2, "scan": 3, "profondeur": 12}}, {"model": "core.configmaa", "pk": 12267, "fields": {"station": 1248, "type_maa": "VEHICLE_RIME", "seuil": 1.0, "auto": false, "pause": 2, "scan": 12, "profondeur": 12}}, {"model": "core.configmaa", "pk": 12268, "fields": {"station": 1248, "type_maa": "VENT", "seuil": 25.0, "auto": false, "pause": 2, "scan": 12, "profondeur": 12}}, {"model": "core.configmaa", "pk": 12269, "fields": {"station": 1248, "type_maa": "VENT", "seuil": 35.0, "auto": false, "pause": 2, "scan": 12, "profondeur": 12}}, {"model": "core.configmaa", "pk": 12270, "fields": {"station": 1248, "type_maa": "VENT", "seuil": 50.0, "auto": false, "pause": 2, "scan": 12, "profondeur": 12}}, {"model": "core.configmaa", "pk": 12271, "fields": {"station": 1248, "type_maa": "VENT", "seuil": 60.0, "auto": false, "pause": 2, "scan": 12, "profondeur": 12}}, {"model": "core.configmaa", "pk": 12272, "fields": {"station": 1248, "type_maa": "VENT", "seuil": 70.0, "auto": false, "pause": 2, "scan": 12, "profondeur": 12}}, {"model": "core.configmaa", "pk": 12273, "fields": {"station": 1207, "type_maa": "VENT_MOY", "seuil": 30.0, "auto": true, "pause": 2, "scan": 12, "profondeur": 12}}, {"model": "core.configmaa", "pk": 12274, "fields": {"station": 1207, "type_maa": "VENT", "seuil": 45.0, "auto": true, "pause": 2, "scan": 12, "profondeur": 12}}, {"model": "core.configmaa", "pk": 12275, "fields": {"station": 1207, "type_maa": "RR6", "seuil": 80.0, "auto": false, "pause": 2, "scan": 12, "profondeur": 6}}, {"model": "core.configmaa", "pk": 12276, "fields": {"station": 1207, "type_maa": "TS", "seuil": 1.0, "auto": true, "pause": 2, "scan": 3, "profondeur": 12}}, {"model": "core.configmaa", "pk": 12277, "fields": {"station": 1207, "type_maa": "TC", "seuil": 1.0, "auto": false, "pause": 2, "scan": 12, "profondeur": 12}}, {"model": "core.configmaa", "pk": 12278, "fields": {"station": 1207, "type_maa": "TSUNAMI", "seuil": 1.0, "auto": false, "pause": 2, "scan": 12, "profondeur": 12}}, {"model": "core.configmaa", "pk": 12279, "fields": {"station": 1232, "type_maa": "FWID", "seuil": 1.0, "auto": false, "pause": 2, "scan": 12, "profondeur": 12}}, {"model": "core.configmaa", "pk": 12280, "fields": {"station": 1269, "type_maa": "VENT_MOY", "seuil": 25.0, "auto": true, "pause": 2, "scan": 12, "profondeur": 12}}, {"model": "core.configmaa", "pk": 12281, "fields": {"station": 1269, "type_maa": "VENT", "seuil": 50.0, "auto": true, "pause": 2, "scan": 12, "profondeur": 12}}, {"model": "core.configmaa", "pk": 12282, "fields": {"station": 1261, "type_maa": "VENT", "seuil": 50.0, "auto": true, "pause": 2, "scan": 12, "profondeur": 12}}, {"model": "core.configmaa", "pk": 12283, "fields": {"station": 1244, "type_maa": "VENT_MOY", "seuil": 25.0, "auto": true, "pause": 2, "scan": 12, "profondeur": 12}}, {"model": "core.configmaa", "pk": 12284, "fields": {"station": 1244, "type_maa": "VENT", "seuil": 30.0, "auto": true, "pause": 2, "scan": 12, "profondeur": 12}}, {"model": "core.configmaa", "pk": 12285, "fields": {"station": 1244, "type_maa": "VENT", "seuil": 40.0, "auto": true, "pause": 2, "scan": 12, "profondeur": 12}}, {"model": "core.configmaa", "pk": 12286, "fields": {"station": 1244, "type_maa": "SQ", "seuil": 1.0, "auto": true, "pause": 2, "scan": 12, "profondeur": 12}}, {"model": "core.configmaa", "pk": 12287, "fields": {"station": 1244, "type_maa": "RR24", "seuil": 20.0, "auto": true, "pause": 2, "scan": 12, "profondeur": 12}}, {"model": "core.configmaa", "pk": 12288, "fields": {"station": 1244, "type_maa": "RR6", "seuil": 20.0, "auto": true, "pause": 2, "scan": 12, "profondeur": 12}}, {"model": "core.configmaa", "pk": 12289, "fields": {"station": 1259, "type_maa": "TMIN", "seuil": 3.0, "auto": true, "pause": 2, "scan": 12, "profondeur": 12}}, {"model": "core.configmaa", "pk": 12290, "fields": {"station": 1216, "type_maa": "VENT", "seuil": 50.0, "auto": true, "pause": 2, "scan": 12, "profondeur": 12}}, {"model": "core.configmaa", "pk": 12291, "fields": {"station": 1261, "type_maa": "TMIN", "seuil": 3.0, "auto": true, "pause": 2, "scan": 12, "profondeur": 12}}, {"model": "core.configmaa", "pk": 12292, "fields": {"station": 1262, "type_maa": "TOXCHEM", "seuil": 1.0, "auto": false, "pause": 2, "scan": 12, "profondeur": 12}}, {"model": "core.configmaa", "pk": 12293, "fields": {"station": 1244, "type_maa": "TMAX", "seuil": 30.0, "auto": true, "pause": 2, "scan": 12, "profondeur": 12}}, {"model": "core.configmaa", "pk": 12294, "fields": {"station": 1244, "type_maa": "TMIN", "seuil": -10.0, "auto": true, "pause": 2, "scan": 12, "profondeur": 12}}, {"model": "core.configmaa", "pk": 12295, "fields": {"station": 1244, "type_maa": "FG", "seuil": 1.0, "auto": true, "pause": 2, "scan": 12, "profondeur": 12}}, {"model": "core.configmaa", "pk": 12296, "fields": {"station": 1255, "type_maa": "GR", "seuil": 1.0, "auto": true, "pause": 2, "scan": 3, "profondeur": 12}}, {"model": "core.configmaa", "pk": 12297, "fields": {"station": 1255, "type_maa": "FG", "seuil": 1.0, "auto": true, "pause": 2, "scan": 12, "profondeur": 12}}, {"model": "core.configmaa", "pk": 12298, "fields": {"station": 1255, "type_maa": "RIME", "seuil": 1.0, "auto": true, "pause": 2, "scan": 12, "profondeur": 12}}, {"model": "core.configmaa", "pk": 12299, "fields": {"station": 1247, "type_maa": "TMIN", "seuil": 0.0, "auto": false, "pause": 2, "scan": 12, "profondeur": 12}}, {"model": "core.configmaa", "pk": 12300, "fields": {"station": 1248, "type_maa": "TMIN", "seuil": 0.0, "auto": false, "pause": 2, "scan": 12, "profondeur": 12}}, {"model": "core.configmaa", "pk": 12301, "fields": {"station": 1247, "type_maa": "ICE_DEPOSIT", "seuil": 1.0, "auto": false, "pause": 2, "scan": 12, "profondeur": 12}}, {"model": "core.configmaa", "pk": 12302, "fields": {"station": 1248, "type_maa": "ICE_DEPOSIT", "seuil": 1.0, "auto": false, "pause": 2, "scan": 12, "profondeur": 12}}, {"model": "core.configmaa", "pk": 12303, "fields": {"station": 1256, "type_maa": "RIME", "seuil": 1.0, "auto": true, "pause": 2, "scan": 12, "profondeur": 12}}, {"model": "core.configmaa", "pk": 12304, "fields": {"station": 1254, "type_maa": "RIME", "seuil": 1.0, "auto": true, "pause": 2, "scan": 12, "profondeur": 12}}, {"model": "core.configmaa", "pk": 12305, "fields": {"station": 1233, "type_maa": "VENT", "seuil": 45.0, "auto": true, "pause": 2, "scan": 12, "profondeur": 12}}, {"model": "core.configmaa", "pk": 12306, "fields": {"station": 1233, "type_maa": "VENT", "seuil": 55.0, "auto": true, "pause": 2, "scan": 12, "profondeur": 12}}, {"model": "core.configmaa", "pk": 12307, "fields": {"station": 1245, "type_maa": "FG", "seuil": 1.0, "auto": true, "pause": 2, "scan": 12, "profondeur": 12}}, {"model": "core.configmaa", "pk": 12308, "fields": {"station": 1245, "type_maa": "RIME", "seuil": 1.0, "auto": false, "pause": 2, "scan": 12, "profondeur": 12}}, {"model": "core.configmaa", "pk": 12309, "fields": {"station": 1209, "type_maa": "FG", "seuil": 1.0, "auto": true, "pause": 2, "scan": 12, "profondeur": 12}}, {"model": "core.configmaa", "pk": 12310, "fields": {"station": 1251, "type_maa": "RR6", "seuil": 20.0, "auto": true, "pause": 2, "scan": 12, "profondeur": 12}}, {"model": "core.configmaa", "pk": 12311, "fields": {"station": 1251, "type_maa": "RR24", "seuil": 20.0, "auto": true, "pause": 2, "scan": 12, "profondeur": 12}}, {"model": "core.configmaa", "pk": 12312, "fields": {"station": 1251, "type_maa": "FG", "seuil": 1.0, "auto": true, "pause": 2, "scan": 12, "profondeur": 12}}, {"model": "core.profile", "pk": 1, "fields": {"user": 1, "region": null}}, {"model": "core.profile", "pk": 176, "fields": {"user": 176, "region": 1364}}, {"model": "core.profile", "pk": 177, "fields": {"user": 177, "region": 1364}}, {"model": "core.envoimaa", "pk": 32, "fields": {"configmaa": 12266, "date_envoi": "2021-09-25T13:04:39.986", "date_debut": "2021-09-25T19:00:00.986", "date_fin": "2021-09-26T00:00:00.986", "numero": 1, "message": "LFBT AD WRNG 1 VALID 201356/201500\nTS OBS.\nNO WARNING BEETWIN 00TU AND 04TU\n=", "fcst": true, "status": "to_send", "context_TAF": "LFPG,20180721230000,NSW,10000,10000,5,5,,18.2,,,0.0,0.0,0.1,0.4,0.6,0,0,0,20180720170000,0.0,300,0\nLFPG,20180722000000,NSW,10000,10000,5,5,,17.4,,,0.0,0.0,0.0,0.3,0.6,0,0,0,20180720170000,0.0,300,0\nLFPG,20180722030000,NSW,,,4,4,,15.9,14.9,,0.0,0.0,0.0,0.3,0.6,0,0,0,,0.0,360,\nLFPG,20180722060000,NSW,,,2,2,,17.4,,,0.0,0.0,0.0,0.0,0.6,0,0,0,,0.0,-1,\nLFPG,20180722090000,NSW,,,4,4,,22.7,,,0.0,0.0,0.0,0.0,0.6,0,0,0,,0.0,350,\nLFPG,20180722120000,NSW,,,4,4,,26.1,,,0.0,0.0,0.0,0.0,0.3,0,0,0,,0.0,335,\nLFPG,20180722150000,NSW,,,4,4,,27.3,,28.3,0.0,0.0,0.0,0.0,0.3,0,0,0,,0.0,10,\nLFPG,20180722180000,NSW,,,6,6,,26.5,,,0.0,0.0,0.0,0.0,0.0,0,0,0,,0.0,35,", "context_CDPH": null, "context_CDPQ": null, "log": "Ici, les logs de cration", "message_mail": "Corps du mail", "message_pdf": "uploads/2021/09/25/MAA_LFPG_TS_1_20210824052410_1_DVV7aDB.pdf", "message_sms": "message SMS"}}, {"model": "core.client", "pk": 25, "fields": {"nom": "Canova", "prenom": "Philipp", "telephone": "00000000", "email": "philippe.canova@meteo.fr", "configmaas": [12266]}}, {"model": "core.mediummail", "pk": 23, "fields": {"client": 25, "email": "ph.cano@free.fr"}}, {"model": "admin.logentry", "pk": 1, "fields": {"action_time": "2021-08-22T07:10:30.515", "user": 1, "content_type": 9, "object_id": "1", "object_repr": "philippe", "action_flag": 1, "change_message": "[{\"added\": {}}]"}}, {"model": "admin.logentry", "pk": 2, "fields": {"action_time": "2021-08-22T07:10:58.746", "user": 1, "content_type": 9, "object_id": "1", "object_repr": "philippe", "action_flag": 2, "change_message": "[]"}}, {"model": "admin.logentry", "pk": 3, "fields": {"action_time": "2021-08-22T07:31:14.599", "user": 1, "content_type": 4, "object_id": "1", "object_repr": "philippe", "action_flag": 2, "change_message": "[{\"changed\": {\"fields\": [\"User permissions\"]}}]"}}, {"model": "admin.logentry", "pk": 4, "fields": {"action_time": "2021-08-22T07:35:55.167", "user": 1, "content_type": 3, "object_id": "43", "object_repr": "Configurateur", "action_flag": 2, "change_message": "[{\"changed\": {\"fields\": [\"Permissions\"]}}]"}}, {"model": "admin.logentry", "pk": 5, "fields": {"action_time": "2021-08-22T09:27:44.792", "user": 1, "content_type": 10, "object_id": "1", "object_repr": "ConfigMAA object (1)", "action_flag": 1, "change_message": "[{\"added\": {}}]"}}, {"model": "admin.logentry", "pk": 6, "fields": {"action_time": "2021-08-22T09:32:43.437", "user": 1, "content_type": 10, "object_id": "1", "object_repr": "TS LFAQ", "action_flag": 2, "change_message": "[]"}}, {"model": "admin.logentry", "pk": 7, "fields": {"action_time": "2021-08-22T09:39:13.166", "user": 1, "content_type": 8, "object_id": "2138", "object_repr": "LFVP- SAINT PIERRE ET MIQUELON (DIRO)", "action_flag": 2, "change_message": "[{\"added\": {\"name\": \"config maa\", \"object\": \"TS\"}}]"}}, {"model": "admin.logentry", "pk": 8, "fields": {"action_time": "2021-08-22T09:46:53.850", "user": 1, "content_type": 8, "object_id": "2103", "object_repr": "LFLW- AURILLAC (DIRSO)", "action_flag": 2, "change_message": "[{\"added\": {\"name\": \"config maa\", \"object\": \"TS\"}}]"}}, {"model": "admin.logentry", "pk": 9, "fields": {"action_time": "2021-08-22T09:47:15.414", "user": 1, "content_type": 8, "object_id": "2138", "object_repr": "LFVP- SAINT PIERRE ET MIQUELON (DIRO)", "action_flag": 2, "change_message": "[{\"changed\": {\"name\": \"config maa\", \"object\": \"TS\", \"fields\": [\"Auto\", \"Pause\"]}}]"}}, {"model": "admin.logentry", "pk": 10, "fields": {"action_time": "2021-08-22T09:48:15.750", "user": 1, "content_type": 8, "object_id": "2138", "object_repr": "LFVP- SAINT PIERRE ET MIQUELON (DIRO)", "action_flag": 2, "change_message": "[{\"added\": {\"name\": \"config maa\", \"object\": \"TS\"}}]"}}, {"model": "admin.logentry", "pk": 11, "fields": {"action_time": "2021-08-22T09:48:47.592", "user": 1, "content_type": 10, "object_id": "3", "object_repr": "TS", "action_flag": 2, "change_message": "[{\"changed\": {\"fields\": [\"Seuil\"]}}]"}}, {"model": "admin.logentry", "pk": 12, "fields": {"action_time": "2021-08-22T10:13:50.590", "user": 1, "content_type": 8, "object_id": "2141", "object_repr": "NWWW- NOUMEA LA TONTOUTA (DIRNC)", "action_flag": 2, "change_message": "[{\"added\": {\"name\": \"config maa\", \"object\": \"SQ\"}}]"}}, {"model": "admin.logentry", "pk": 13, "fields": {"action_time": "2021-08-22T11:23:07.119", "user": 1, "content_type": 10, "object_id": "6", "object_repr": "TS", "action_flag": 1, "change_message": "[{\"added\": {}}]"}}, {"model": "admin.logentry", "pk": 14, "fields": {"action_time": "2021-08-22T12:00:01.297", "user": 1, "content_type": 9, "object_id": "1", "object_repr": "philippe", "action_flag": 2, "change_message": "[{\"changed\": {\"fields\": [\"Region\"]}}]"}}, {"model": "admin.logentry", "pk": 15, "fields": {"action_time": "2021-08-22T12:01:24.339", "user": 1, "content_type": 9, "object_id": "1", "object_repr": "philippe", "action_flag": 2, "change_message": "[{\"changed\": {\"fields\": [\"Region\"]}}]"}}, {"model": "admin.logentry", "pk": 16, "fields": {"action_time": "2021-08-26T13:14:43.040", "user": 1, "content_type": 7, "object_id": "469", "object_repr": "CRA Nice", "action_flag": 1, "change_message": "[{\"added\": {}}]"}}, {"model": "admin.logentry", "pk": 17, "fields": {"action_time": "2021-08-26T13:14:58.147", "user": 1, "content_type": 8, "object_id": "2471", "object_repr": "LFTH- HYERES LE PALYVESTRE (CRA Nice)", "action_flag": 2, "change_message": "[{\"changed\": {\"fields\": [\"Dir\"]}}]"}}, {"model": "admin.logentry", "pk": 18, "fields": {"action_time": "2021-08-26T13:15:50.150", "user": 1, "content_type": 8, "object_id": "2445", "object_repr": "LFMN- NICE COTE D'AZUR (CRA Nice)", "action_flag": 2, "change_message": "[{\"changed\": {\"fields\": [\"Dir\"]}}]"}}, {"model": "admin.logentry", "pk": 19, "fields": {"action_time": "2021-08-29T05:40:26.935", "user": 1, "content_type": 11, "object_id": "7", "object_repr": "LFPG TS 2021-08-28 17:21:54 1", "action_flag": 2, "change_message": "[{\"changed\": {\"fields\": [\"Message\", \"Context TAF\", \"Message pdf\"]}}]"}}, {"model": "admin.logentry", "pk": 20, "fields": {"action_time": "2021-08-29T06:41:33.475", "user": 1, "content_type": 12, "object_id": "1", "object_repr": "Client object (1)", "action_flag": 1, "change_message": "[{\"added\": {}}, {\"added\": {\"name\": \"medium mail\", \"object\": \"MediumMail object (1)\"}}, {\"added\": {\"name\": \"medium sms\", \"object\": \"MediumSMS object (1)\"}}, {\"added\": {\"name\": \"medium ftp\", \"object\": \"MediumFTP object (1)\"}}]"}}, {"model": "admin.logentry", "pk": 21, "fields": {"action_time": "2021-08-29T06:49:47.596", "user": 1, "content_type": 10, "object_id": "13001", "object_repr": "LFQQ- LILLE LESQUIN (DIRN) RR24 20.0 True 2 12 12", "action_flag": 2, "change_message": "[{\"added\": {\"name\": \"abonnement\", \"object\": \"Abonnement object (1)\"}}]"}}, {"model": "admin.logentry", "pk": 22, "fields": {"action_time": "2021-08-29T15:38:51.898", "user": 1, "content_type": 11, "object_id": "12", "object_repr": "LFMN TS 2021-08-29 15:38:07.028061 0", "action_flag": 3, "change_message": ""}}, {"model": "admin.logentry", "pk": 23, "fields": {"action_time": "2021-08-29T15:39:05.835", "user": 1, "content_type": 11, "object_id": "13", "object_repr": "LFPO TS 2021-08-29 15:38:37.899870 1", "action_flag": 3, "change_message": ""}}, {"model": "admin.logentry", "pk": 25, "fields": {"action_time": "2021-09-05T13:02:32.726", "user": 1, "content_type": 12, "object_id": "1", "object_repr": "Client object (1)", "action_flag": 3, "change_message": ""}}, {"model": "admin.logentry", "pk": 26, "fields": {"action_time": "2021-09-16T09:46:24.063", "user": 1, "content_type": 8, "object_id": "6060", "object_repr": "LFMI- ISTRES LE TUBE (DIRSE)", "action_flag": 2, "change_message": "[{\"added\": {\"name\": \"config maa\", \"object\": \"LFMI- ISTRES LE TUBE (DIRSE) - VENT - 50.0 (True 2 12 12)\"}}]"}}, {"model": "admin.logentry", "pk": 27, "fields": {"action_time": "2021-09-19T15:41:48.395", "user": 1, "content_type": 17, "object_id": "1", "object_repr": "2021-09-19 15:41:48.392534-error-ma_machine-0-Initiate", "action_flag": 2, "change_message": "[{\"changed\": {\"fields\": [\"Type\", \"Code\"]}}]"}}, {"model": "admin.logentry", "pk": 28, "fields": {"action_time": "2021-09-19T15:41:57.003", "user": 1, "content_type": 17, "object_id": "2", "object_repr": "2021-09-19 15:41:57.002064-error-ma_machine-0-Initiate", "action_flag": 2, "change_message": "[{\"changed\": {\"fields\": [\"Type\", \"Code\"]}}]"}}, {"model": "admin.logentry", "pk": 29, "fields": {"action_time": "2021-09-19T15:42:09.025", "user": 1, "content_type": 17, "object_id": "3", "object_repr": "2021-09-19 15:40:17.731333-error-ma_machine-0-Initiate", "action_flag": 3, "change_message": ""}}, {"model": "admin.logentry", "pk": 30, "fields": {"action_time": "2021-09-19T15:42:09.050", "user": 1, "content_type": 17, "object_id": "2", "object_repr": "2021-09-19 15:41:57.002064-error-ma_machine-0-Initiate", "action_flag": 3, "change_message": ""}}, {"model": "admin.logentry", "pk": 31, "fields": {"action_time": "2021-09-19T15:42:09.060", "user": 1, "content_type": 17, "object_id": "1", "object_repr": "2021-09-19 15:41:48.392534-error-ma_machine-0-Initiate", "action_flag": 3, "change_message": ""}}, {"model": "admin.logentry", "pk": 32, "fields": {"action_time": "2021-09-19T15:57:21.892", "user": 1, "content_type": 17, "object_id": "4", "object_repr": "2021-09-19 15:42:29.300116-error-ma_machine-0-Initiate", "action_flag": 3, "change_message": ""}}, {"model": "auth.permission", "pk": 1, "fields": {"name": "Can add log entry", "content_type": 1, "codename": "add_logentry"}}, {"model": "auth.permission", "pk": 2, "fields": {"name": "Can change log entry", "content_type": 1, "codename": "change_logentry"}}, {"model": "auth.permission", "pk": 3, "fields": {"name": "Can delete log entry", "content_type": 1, "codename": "delete_logentry"}}, {"model": "auth.permission", "pk": 4, "fields": {"name": "Can view log entry", "content_type": 1, "codename": "view_logentry"}}, {"model": "auth.permission", "pk": 5, "fields": {"name": "Can add permission", "content_type": 2, "codename": "add_permission"}}, {"model": "auth.permission", "pk": 6, "fields": {"name": "Can change permission", "content_type": 2, "codename": "change_permission"}}, {"model": "auth.permission", "pk": 7, "fields": {"name": "Can delete permission", "content_type": 2, "codename": "delete_permission"}}, {"model": "auth.permission", "pk": 8, "fields": {"name": "Can view permission", "content_type": 2, "codename": "view_permission"}}, {"model": "auth.permission", "pk": 9, "fields": {"name": "Can add group", "content_type": 3, "codename": "add_group"}}, {"model": "auth.permission", "pk": 10, "fields": {"name": "Can change group", "content_type": 3, "codename": "change_group"}}, {"model": "auth.permission", "pk": 11, "fields": {"name": "Can delete group", "content_type": 3, "codename": "delete_group"}}, {"model": "auth.permission", "pk": 12, "fields": {"name": "Can view group", "content_type": 3, "codename": "view_group"}}, {"model": "auth.permission", "pk": 13, "fields": {"name": "Can add user", "content_type": 4, "codename": "add_user"}}, {"model": "auth.permission", "pk": 14, "fields": {"name": "Can change user", "content_type": 4, "codename": "change_user"}}, {"model": "auth.permission", "pk": 15, "fields": {"name": "Can delete user", "content_type": 4, "codename": "delete_user"}}, {"model": "auth.permission", "pk": 16, "fields": {"name": "Can view user", "content_type": 4, "codename": "view_user"}}, {"model": "auth.permission", "pk": 17, "fields": {"name": "Can add content type", "content_type": 5, "codename": "add_contenttype"}}, {"model": "auth.permission", "pk": 18, "fields": {"name": "Can change content type", "content_type": 5, "codename": "change_contenttype"}}, {"model": "auth.permission", "pk": 19, "fields": {"name": "Can delete content type", "content_type": 5, "codename": "delete_contenttype"}}, {"model": "auth.permission", "pk": 20, "fields": {"name": "Can view content type", "content_type": 5, "codename": "view_contenttype"}}, {"model": "auth.permission", "pk": 21, "fields": {"name": "Can add session", "content_type": 6, "codename": "add_session"}}, {"model": "auth.permission", "pk": 22, "fields": {"name": "Can change session", "content_type": 6, "codename": "change_session"}}, {"model": "auth.permission", "pk": 23, "fields": {"name": "Can delete session", "content_type": 6, "codename": "delete_session"}}, {"model": "auth.permission", "pk": 24, "fields": {"name": "Can view session", "content_type": 6, "codename": "view_session"}}, {"model": "auth.permission", "pk": 25, "fields": {"name": "Can add region", "content_type": 7, "codename": "add_region"}}, {"model": "auth.permission", "pk": 26, "fields": {"name": "Can change region", "content_type": 7, "codename": "change_region"}}, {"model": "auth.permission", "pk": 27, "fields": {"name": "Can delete region", "content_type": 7, "codename": "delete_region"}}, {"model": "auth.permission", "pk": 28, "fields": {"name": "Can view region", "content_type": 7, "codename": "view_region"}}, {"model": "auth.permission", "pk": 29, "fields": {"name": "Can add station", "content_type": 8, "codename": "add_station"}}, {"model": "auth.permission", "pk": 30, "fields": {"name": "Can change station", "content_type": 8, "codename": "change_station"}}, {"model": "auth.permission", "pk": 31, "fields": {"name": "Can delete station", "content_type": 8, "codename": "delete_station"}}, {"model": "auth.permission", "pk": 32, "fields": {"name": "Can view station", "content_type": 8, "codename": "view_station"}}, {"model": "auth.permission", "pk": 33, "fields": {"name": "Can add profile", "content_type": 9, "codename": "add_profile"}}, {"model": "auth.permission", "pk": 34, "fields": {"name": "Can change profile", "content_type": 9, "codename": "change_profile"}}, {"model": "auth.permission", "pk": 35, "fields": {"name": "Can delete profile", "content_type": 9, "codename": "delete_profile"}}, {"model": "auth.permission", "pk": 36, "fields": {"name": "Can view profile", "content_type": 9, "codename": "view_profile"}}, {"model": "auth.permission", "pk": 37, "fields": {"name": "Can add config maa", "content_type": 10, "codename": "add_configmaa"}}, {"model": "auth.permission", "pk": 38, "fields": {"name": "Can change config maa", "content_type": 10, "codename": "change_configmaa"}}, {"model": "auth.permission", "pk": 39, "fields": {"name": "Can delete config maa", "content_type": 10, "codename": "delete_configmaa"}}, {"model": "auth.permission", "pk": 40, "fields": {"name": "Can view config maa", "content_type": 10, "codename": "view_configmaa"}}, {"model": "auth.permission", "pk": 41, "fields": {"name": "Can add envoi maa", "content_type": 11, "codename": "add_envoimaa"}}, {"model": "auth.permission", "pk": 42, "fields": {"name": "Can change envoi maa", "content_type": 11, "codename": "change_envoimaa"}}, {"model": "auth.permission", "pk": 43, "fields": {"name": "Can delete envoi maa", "content_type": 11, "codename": "delete_envoimaa"}}, {"model": "auth.permission", "pk": 44, "fields": {"name": "Can view envoi maa", "content_type": 11, "codename": "view_envoimaa"}}, {"model": "auth.permission", "pk": 45, "fields": {"name": "Can add client", "content_type": 12, "codename": "add_client"}}, {"model": "auth.permission", "pk": 46, "fields": {"name": "Can change client", "content_type": 12, "codename": "change_client"}}, {"model": "auth.permission", "pk": 47, "fields": {"name": "Can delete client", "content_type": 12, "codename": "delete_client"}}, {"model": "auth.permission", "pk": 48, "fields": {"name": "Can view client", "content_type": 12, "codename": "view_client"}}, {"model": "auth.permission", "pk": 49, "fields": {"name": "Can add medium sms", "content_type": 13, "codename": "add_mediumsms"}}, {"model": "auth.permission", "pk": 50, "fields": {"name": "Can change medium sms", "content_type": 13, "codename": "change_mediumsms"}}, {"model": "auth.permission", "pk": 51, "fields": {"name": "Can delete medium sms", "content_type": 13, "codename": "delete_mediumsms"}}, {"model": "auth.permission", "pk": 52, "fields": {"name": "Can view medium sms", "content_type": 13, "codename": "view_mediumsms"}}, {"model": "auth.permission", "pk": 53, "fields": {"name": "Can add medium mail", "content_type": 14, "codename": "add_mediummail"}}, {"model": "auth.permission", "pk": 54, "fields": {"name": "Can change medium mail", "content_type": 14, "codename": "change_mediummail"}}, {"model": "auth.permission", "pk": 55, "fields": {"name": "Can delete medium mail", "content_type": 14, "codename": "delete_mediummail"}}, {"model": "auth.permission", "pk": 56, "fields": {"name": "Can view medium mail", "content_type": 14, "codename": "view_mediummail"}}, {"model": "auth.permission", "pk": 57, "fields": {"name": "Can add medium ftp", "content_type": 15, "codename": "add_mediumftp"}}, {"model": "auth.permission", "pk": 58, "fields": {"name": "Can change medium ftp", "content_type": 15, "codename": "change_mediumftp"}}, {"model": "auth.permission", "pk": 59, "fields": {"name": "Can delete medium ftp", "content_type": 15, "codename": "delete_mediumftp"}}, {"model": "auth.permission", "pk": 60, "fields": {"name": "Can view medium ftp", "content_type": 15, "codename": "view_mediumftp"}}, {"model": "auth.permission", "pk": 61, "fields": {"name": "Can add abonnement", "content_type": 16, "codename": "add_abonnement"}}, {"model": "auth.permission", "pk": 62, "fields": {"name": "Can change abonnement", "content_type": 16, "codename": "change_abonnement"}}, {"model": "auth.permission", "pk": 63, "fields": {"name": "Can delete abonnement", "content_type": 16, "codename": "delete_abonnement"}}, {"model": "auth.permission", "pk": 64, "fields": {"name": "Can view abonnement", "content_type": 16, "codename": "view_abonnement"}}, {"model": "auth.permission", "pk": 65, "fields": {"name": "Can add logs", "content_type": 17, "codename": "add_logs"}}, {"model": "auth.permission", "pk": 66, "fields": {"name": "Can change logs", "content_type": 17, "codename": "change_logs"}}, {"model": "auth.permission", "pk": 67, "fields": {"name": "Can delete logs", "content_type": 17, "codename": "delete_logs"}}, {"model": "auth.permission", "pk": 68, "fields": {"name": "Can view logs", "content_type": 17, "codename": "view_logs"}}, {"model": "auth.permission", "pk": 69, "fields": {"name": "Can add log", "content_type": 17, "codename": "add_log"}}, {"model": "auth.permission", "pk": 70, "fields": {"name": "Can change log", "content_type": 17, "codename": "change_log"}}, {"model": "auth.permission", "pk": 71, "fields": {"name": "Can delete log", "content_type": 17, "codename": "delete_log"}}, {"model": "auth.permission", "pk": 72, "fields": {"name": "Can view log", "content_type": 17, "codename": "view_log"}}, {"model": "auth.group", "pk": 334, "fields": {"name": "Configurateur", "permissions": [37, 38, 39, 40, 44, 30, 32]}}, {"model": "auth.group", "pk": 335, "fields": {"name": "Administrateur", "permissions": [13, 14, 16, 33, 34, 36, 25, 26, 28, 29]}}, {"model": "auth.group", "pk": 336, "fields": {"name": "Super admin", "permissions": [15, 35, 27, 31]}}, {"model": "auth.user", "pk": 1, "fields": {"password": "pbkdf2_sha256$260000$Ag9dHm6askNU2Zoi2TsLnK$wvHlNfi14o7UdjdmvXy+zGqzabc7IzoPbSmnji8m8zk=", "last_login": "2021-09-19T14:38:10.054", "is_superuser": true, "username": "philippe", "first_name": "", "last_name": "", "email": "", "is_staff": true, "is_active": true, "date_joined": "2021-08-22T07:07:52", "groups": [334, 335, 336], "user_permissions": [29, 30, 31, 32]}}, {"model": "auth.user", "pk": 176, "fields": {"password": "pbkdf2_sha256$260000$drBsTJHQNKfjL1TZRMtuaV$vUNwqKr3BILKTZauONPWpMCOuj8Imb6nMOwY/z6J8qI=", "last_login": null, "is_superuser": false, "username": "administrateur", "first_name": "", "last_name": "", "email": "monique.le@meteo.fr", "is_staff": true, "is_active": true, "date_joined": "2021-09-25T16:04:33.676", "groups": [334, 335], "user_permissions": []}}, {"model": "auth.user", "pk": 177, "fields": {"password": "pbkdf2_sha256$260000$3khb7gDK7eB8sJp30dVtKP$xq4CyJ4o9fqPRVWC5Ebn0TlWSOhQciOSY3Q3CQYuBgo=", "last_login": null, "is_superuser": false, "username": "configurateur", "first_name": "", "last_name": "", "email": "config.le@meteo.fr", "is_staff": true, "is_active": true, "date_joined": "2021-09-25T16:04:33.957", "groups": [334], "user_permissions": []}}, {"model": "contenttypes.contenttype", "pk": 1, "fields": {"app_label": "admin", "model": "logentry"}}, {"model": "contenttypes.contenttype", "pk": 2, "fields": {"app_label": "auth", "model": "permission"}}, {"model": "contenttypes.contenttype", "pk": 3, "fields": {"app_label": "auth", "model": "group"}}, {"model": "contenttypes.contenttype", "pk": 4, "fields": {"app_label": "auth", "model": "user"}}, {"model": "contenttypes.contenttype", "pk": 5, "fields": {"app_label": "contenttypes", "model": "contenttype"}}, {"model": "contenttypes.contenttype", "pk": 6, "fields": {"app_label": "sessions", "model": "session"}}, {"model": "contenttypes.contenttype", "pk": 7, "fields": {"app_label": "core", "model": "region"}}, {"model": "contenttypes.contenttype", "pk": 8, "fields": {"app_label": "core", "model": "station"}}, {"model": "contenttypes.contenttype", "pk": 9, "fields": {"app_label": "core", "model": "profile"}}, {"model": "contenttypes.contenttype", "pk": 10, "fields": {"app_label": "core", "model": "configmaa"}}, {"model": "contenttypes.contenttype", "pk": 11, "fields": {"app_label": "core", "model": "envoimaa"}}, {"model": "contenttypes.contenttype", "pk": 12, "fields": {"app_label": "core", "model": "client"}}, {"model": "contenttypes.contenttype", "pk": 13, "fields": {"app_label": "core", "model": "mediumsms"}}, {"model": "contenttypes.contenttype", "pk": 14, "fields": {"app_label": "core", "model": "mediummail"}}, {"model": "contenttypes.contenttype", "pk": 15, "fields": {"app_label": "core", "model": "mediumftp"}}, {"model": "contenttypes.contenttype", "pk": 16, "fields": {"app_label": "core", "model": "abonnement"}}, {"model": "contenttypes.contenttype", "pk": 17, "fields": {"app_label": "core", "model": "log"}}, {"model": "sessions.session", "pk": "3y8qtyf0utpldxy6wmmavrxcm7nuhplr", "fields": {"session_data": ".eJxVjEEOwiAQRe_C2pCh0yng0r1nIMBMpWpoUtqV8e7apAvd_vfef6kQt7WErckSJlZnZXp1-h1TzA-pO-F7rLdZ57muy5T0ruiDNn2dWZ6Xw_07KLGVb-08992ISM6PMCB7Nk7IST-YZBHAEZJha4Egj4nQCtkYsyC4DjgN6v0B3N03IA:1mHjBF:mtOqjJSEVwJUa_AmHOob9yz3MWJ98nBlUwkzikKjPEo", "expire_date": "2021-09-05T08:50:13.805"}}, {"model": "sessions.session", "pk": "4jl7dmf3umj1fcmcxemoeyv8aulrkx1a", "fields": {"session_data": ".eJxVjMsOwiAQRf-FtSEMD1tcuu83kIEZpGogKe3K-O_apAvd3nPOfYmA21rC1nkJM4mLAHH63SKmB9cd0B3rrcnU6rrMUe6KPGiXUyN-Xg_376BgL986GTaUklbKI5jBWm3GpLKhqHiE7B3ozNZFVE5Hm9mdkZDAazcoBGvF-wPhUDeu:1mRxxK:D0nszrfaz0G5nx6cc4T0b74RZFBDFFzFeBbb9JV4eN0", "expire_date": "2021-10-03T14:38:10.075"}}, {"model": "sessions.session", "pk": "61rd68frrzukc96nlx6zkcey6kvdatsy", "fields": {"session_data": "e30:1mHhb3:335cSN_EvyiKs9m20lBlySGCC_qLHk4nnWSUSaI363I", "expire_date": "2021-09-05T07:08:45.937"}}, {"model": "sessions.session", "pk": "n0wz2mnz5bd3yjhnsm0pwsh8ymxtw5bt", "fields": {"session_data": ".eJxVjMsOwiAQRf-FtSEMD1tcuu83kIEZpGogKe3K-O_apAvd3nPOfYmA21rC1nkJM4mLAHH63SKmB9cd0B3rrcnU6rrMUe6KPGiXUyN-Xg_376BgL986GTaUklbKI5jBWm3GpLKhqHiE7B3ozNZFVE5Hm9mdkZDAazcoBGvF-wPhUDeu:1mKyQu:3hMV2eHfEgaHYQ5ifHrt7mPzlZSHQ_9DSPfG9oGjaOE", "expire_date": "2021-09-14T07:43:48.303"}}]